travelCode,userCode,name,place,days,price,total,date
1,456,Crown Plaza,Jacksonville,1,173.17,173.17,2024-12-28
2,332,Royal Inn,Charlotte,5,93.6,468.0,2023-03-02
3,90,Holiday Inn,New York,1,338.78,338.78,2024-02-20
4,72,Holiday Inn,Charlotte,10,463.97,4639.67,2024-10-17
5,489,Sheraton,San Diego,6,257.74,1546.44,2023-11-12
6,32,Radisson,Atlanta,2,235.77,471.55,2024-08-27
7,395,Park Hyatt,Seattle,13,499.18,6489.3,2024-01-16
8,233,Park Hyatt,Austin,7,434.27,3039.91,2023-09-10
9,423,Crown Plaza,Jacksonville,8,433.46,3467.7,2023-05-21
10,58,Grand Hotel,Chicago,13,185.46,2411.0,2024-03-20
11,227,InterContinental,Denver,2,98.53,197.06,2023-03-02
12,233,Royal Inn,Atlanta,2,414.85,829.7,2024-06-10
13,371,Best Western,Columbus,1,167.03,167.03,2024-02-27
14,359,Park Hyatt,Dallas,4,122.16,488.63,2024-02-13
15,393,Comfort Suites,Los Angeles,13,476.15,6189.92,2024-05-15
16,42,Grand Hotel,Jacksonville,7,296.84,2077.86,2024-07-11
17,271,Marriott,Phoenix,9,120.92,1088.28,2024-11-17
18,273,Grand Hotel,New York,8,125.11,1000.87,2024-08-29
19,17,Westin,Dallas,14,382.31,5352.38,2023-12-17
20,307,Best Western,New York,1,274.65,274.65,2023-07-20
21,387,Plaza Hotel,Dallas,1,251.61,251.61,2023-04-15
22,164,Marriott,Philadelphia,1,274.02,274.02,2023-08-23
23,114,Marriott,Austin,2,486.89,973.77,2023-10-22
24,25,Park Hyatt,Dallas,9,480.63,4325.69,2024-05-18
25,387,Royal Inn,Boston,4,416.43,1665.72,2023-06-29
26,469,Sheraton,San Diego,12,162.55,1950.63,2023-01-18
27,170,Crown Plaza,Columbus,7,156.32,1094.27,2024-06-28
28,138,Hilton,Seattle,9,364.07,3276.66,2024-04-02
29,287,Holiday Inn,Los Angeles,12,260.38,3124.6,2023-09-17
30,493,Grand Hotel,San Antonio,1,165.92,165.92,2024-07-28
31,398,InterContinental,Denver,6,163.57,981.39,2024-11-18
32,239,Hilton,Seattle,14,406.34,5688.79,2024-09-13
33,380,Ramada,Austin,3,425.49,1276.46,2024-03-26
34,195,Hilton,San Jose,5,432.1,2160.49,2024-02-08
35,379,Sheraton,Denver,14,142.54,1995.61,2023-12-28
36,95,Westin,Philadelphia,2,300.34,600.68,2023-05-22
37,212,Grand Hotel,Boston,14,279.5,3913.02,2023-02-02
38,31,Royal Inn,Chicago,5,249.25,1246.27,2024-03-11
39,7,Sheraton,Seattle,5,485.33,2426.67,2024-10-03
40,221,Grand Hotel,Dallas,1,397.14,397.14,2023-04-30
41,130,Holiday Inn,Houston,8,327.18,2617.41,2024-11-13
42,125,Grand Hotel,Dallas,2,463.85,927.7,2023-02-08
43,48,Plaza Hotel,Austin,12,355.14,4261.72,2024-08-22
44,43,Royal Inn,Columbus,9,402.67,3624.07,2024-07-19
45,109,Crown Plaza,Austin,14,380.26,5323.63,2024-12-17
46,461,Sheraton,Seattle,12,345.05,4140.62,2023-10-04
47,386,Westin,Los Angeles,1,212.32,212.32,2024-11-14
48,347,Grand Hotel,Chicago,2,213.0,426.0,2023-06-26
49,257,Grand Hotel,Columbus,5,336.43,1682.17,2024-05-28
50,394,Crown Plaza,Los Angeles,13,327.65,4259.47,2024-10-24
51,252,InterContinental,Fort Worth,10,425.12,4251.19,2024-02-09
52,44,Radisson,Miami,10,302.26,3022.59,2024-05-19
53,402,Holiday Inn,San Jose,4,352.17,1408.69,2023-07-23
54,228,Crown Plaza,Columbus,10,264.39,2643.87,2023-05-04
55,263,Westin,Houston,7,240.53,1683.73,2024-07-23
56,443,Royal Inn,New York,5,122.86,614.32,2024-01-27
57,464,Grand Hotel,Austin,3,170.84,512.52,2023-10-21
58,253,Plaza Hotel,Denver,8,281.55,2252.44,2023-09-30
59,185,Hilton,San Antonio,4,428.98,1715.94,2023-11-27
60,486,Best Western,Denver,3,168.59,505.78,2024-12-06
61,499,Sheraton,Columbus,11,328.21,3610.3,2023-10-24
62,496,Holiday Inn,Austin,10,463.03,4630.27,2024-09-17
63,187,Crown Plaza,Denver,13,86.16,1120.05,2024-12-29
64,488,Crown Plaza,San Antonio,5,149.36,746.8,2024-03-17
65,345,Holiday Inn,San Antonio,11,138.62,1524.8,2023-08-08
66,38,Crown Plaza,Austin,1,296.54,296.54,2024-07-07
67,215,Grand Hotel,Seattle,3,124.39,373.17,2024-02-25
68,394,Radisson,Fort Worth,14,146.51,2051.15,2024-11-12
69,205,Radisson,Philadelphia,1,344.95,344.95,2024-11-07
70,286,InterContinental,Charlotte,5,119.93,599.66,2024-07-12
71,354,Westin,San Diego,2,178.79,357.58,2024-12-01
72,60,Sheraton,Fort Worth,13,338.39,4399.04,2024-06-09
73,179,Holiday Inn,Fort Worth,9,451.68,4065.11,2024-08-21
74,59,Holiday Inn,Seattle,3,456.93,1370.78,2023-03-27
75,90,Best Western,Houston,1,387.0,387.0,2024-07-04
76,323,Ramada,Jacksonville,11,326.81,3594.93,2023-10-24
77,304,Best Western,Charlotte,11,293.45,3227.96,2023-03-14
78,296,Best Western,New York,7,455.55,3188.84,2023-11-08
79,442,Holiday Inn,Philadelphia,3,147.5,442.5,2023-05-04
80,181,Sheraton,Austin,6,299.22,1795.3,2023-08-27
81,69,Holiday Inn,Philadelphia,8,488.46,3907.66,2024-01-18
82,199,InterContinental,Dallas,1,306.42,306.42,2023-03-05
83,356,Hilton,Phoenix,1,188.99,188.99,2023-02-17
84,318,Royal Inn,Miami,8,214.48,1715.87,2024-11-13
85,259,Hilton,New York,14,433.89,6074.44,2023-07-13
86,86,Hilton,Columbus,10,115.75,1157.54,2024-09-01
87,87,Royal Inn,New York,2,401.14,802.27,2024-11-15
88,138,Radisson,Atlanta,3,294.58,883.73,2024-05-26
89,218,Sheraton,Jacksonville,14,327.98,4591.73,2023-06-19
90,225,Comfort Suites,Austin,11,257.86,2836.45,2024-05-31
91,85,Sheraton,Dallas,8,385.01,3080.05,2024-02-06
92,276,Radisson,San Diego,11,470.69,5177.59,2024-05-03
93,418,Sheraton,San Jose,11,101.01,1111.12,2023-02-14
94,128,Park Hyatt,Charlotte,6,176.32,1057.93,2023-05-01
95,322,Hilton,San Diego,13,117.14,1522.87,2024-08-17
96,480,Holiday Inn,Seattle,2,228.94,457.87,2023-02-15
97,375,Holiday Inn,Denver,9,349.78,3148.0,2023-07-01
98,254,Best Western,Chicago,5,363.16,1815.8,2024-12-08
99,404,Marriott,San Jose,9,174.13,1567.21,2024-01-22
100,226,Sheraton,Chicago,2,407.19,814.39,2024-04-16
101,48,Radisson,Charlotte,13,440.78,5730.1,2024-11-05
102,203,Radisson,Dallas,11,247.23,2719.49,2023-10-27
103,40,Westin,San Diego,1,451.6,451.6,2024-03-07
104,441,Hilton,San Diego,11,198.88,2187.64,2024-09-16
105,53,Ramada,Denver,7,309.66,2167.59,2023-09-29
106,329,Holiday Inn,San Jose,10,260.31,2603.09,2023-09-30
107,370,Holiday Inn,Chicago,9,211.21,1900.85,2023-03-08
108,72,Royal Inn,Charlotte,1,144.24,144.24,2023-12-13
109,127,Sheraton,Atlanta,7,139.78,978.48,2023-12-31
110,449,Hilton,Dallas,13,182.13,2367.64,2024-10-07
111,28,Grand Hotel,Boston,5,307.9,1539.5,2023-05-09
112,271,Park Hyatt,Denver,9,486.42,4377.76,2023-08-16
113,280,Best Western,Austin,9,248.05,2232.49,2024-12-14
114,21,Comfort Suites,Denver,4,337.91,1351.65,2024-03-22
115,43,InterContinental,Boston,5,245.98,1229.9,2023-06-04
116,472,Royal Inn,Miami,9,266.97,2402.76,2024-08-12
117,349,Royal Inn,Miami,7,89.26,624.84,2023-03-06
118,126,Sheraton,Austin,5,111.02,555.09,2023-04-26
119,62,Marriott,Houston,13,497.57,6468.45,2023-09-12
120,86,Radisson,New York,11,397.31,4370.37,2024-09-06
121,140,Westin,San Jose,14,148.56,2079.88,2023-07-29
122,256,Holiday Inn,San Jose,7,125.34,877.4,2023-08-07
123,346,Marriott,Philadelphia,12,251.21,3014.47,2023-01-01
124,126,Ramada,Dallas,3,492.03,1476.08,2023-02-14
125,284,Royal Inn,Jacksonville,5,214.91,1074.56,2024-06-07
126,423,Grand Hotel,San Diego,7,219.63,1537.41,2024-12-18
127,412,InterContinental,Jacksonville,3,231.33,694.0,2023-10-13
128,168,Royal Inn,Columbus,5,288.15,1440.74,2023-09-26
129,379,Radisson,Charlotte,10,120.89,1208.92,2023-11-22
130,390,Park Hyatt,Seattle,1,446.68,446.68,2024-12-14
131,430,Hilton,Phoenix,5,91.87,459.34,2024-08-03
132,106,InterContinental,Jacksonville,7,434.95,3044.68,2024-04-26
133,48,InterContinental,Charlotte,12,283.38,3400.57,2023-03-08
134,49,Sheraton,Boston,9,133.25,1199.22,2023-09-22
135,150,Radisson,Columbus,9,320.76,2886.83,2024-07-13
136,484,Crown Plaza,Columbus,1,309.62,309.62,2023-01-03
137,209,Comfort Suites,Atlanta,7,273.92,1917.47,2024-07-18
138,47,Park Hyatt,Jacksonville,2,194.03,388.06,2024-03-29
139,203,InterContinental,Los Angeles,7,297.13,2079.9,2023-04-18
140,285,Comfort Suites,Austin,4,432.69,1730.75,2024-09-29
141,7,Best Western,San Diego,7,343.17,2402.17,2023-09-29
142,44,Sheraton,Phoenix,7,338.92,2372.42,2024-07-05
143,228,Sheraton,Dallas,13,464.36,6036.65,2024-12-16
144,474,Holiday Inn,Chicago,7,372.52,2607.65,2024-07-16
145,110,Sheraton,Fort Worth,5,470.73,2353.65,2024-01-26
146,332,Marriott,San Jose,5,369.25,1846.25,2023-04-03
147,215,InterContinental,Columbus,6,327.11,1962.65,2023-11-18
148,184,Sheraton,San Diego,11,100.71,1107.77,2023-05-08
149,164,Comfort Suites,Seattle,3,383.4,1150.2,2024-11-26
150,393,Marriott,New York,1,434.82,434.82,2024-05-04
151,392,Ramada,Philadelphia,4,372.74,1490.94,2024-01-26
152,184,Royal Inn,Fort Worth,12,98.69,1184.22,2023-04-27
153,278,Westin,Fort Worth,8,113.01,904.12,2024-11-30
154,270,Best Western,Denver,1,175.37,175.37,2024-09-02
155,471,Plaza Hotel,Jacksonville,13,403.94,5251.26,2024-02-09
156,434,Westin,Los Angeles,7,212.04,1484.3,2024-02-25
157,70,Sheraton,Chicago,11,132.82,1461.03,2024-06-11
158,456,Grand Hotel,Denver,5,217.61,1088.07,2024-09-05
159,66,Grand Hotel,San Diego,7,283.91,1987.39,2023-02-20
160,114,Park Hyatt,Atlanta,10,355.55,3555.47,2024-08-09
161,164,Sheraton,Houston,13,137.07,1781.94,2024-06-27
162,180,Ramada,Jacksonville,5,155.15,775.75,2023-10-28
163,453,Crown Plaza,New York,7,499.43,3496.0,2024-11-29
164,334,Sheraton,Fort Worth,5,409.92,2049.59,2024-07-24
165,164,Grand Hotel,Philadelphia,7,261.16,1828.14,2024-02-25
166,281,Comfort Suites,Chicago,6,411.45,2468.73,2023-09-26
167,456,Marriott,Denver,1,424.48,424.48,2023-11-15
168,284,InterContinental,Los Angeles,7,443.37,3103.62,2024-05-16
169,293,Sheraton,Dallas,8,222.77,1782.12,2023-01-30
170,321,InterContinental,Phoenix,8,408.66,3269.26,2023-11-12
171,243,InterContinental,San Antonio,6,485.2,2911.19,2023-07-16
172,329,Hilton,Austin,9,418.21,3763.9,2023-01-30
173,226,Park Hyatt,Philadelphia,3,181.86,545.57,2024-01-14
174,44,InterContinental,San Diego,13,249.86,3248.22,2024-01-26
175,215,InterContinental,Miami,3,438.8,1316.4,2023-07-08
176,258,Grand Hotel,Atlanta,7,221.33,1549.33,2023-10-24
177,486,Sheraton,Atlanta,2,246.53,493.05,2023-12-09
178,104,Grand Hotel,San Diego,10,225.75,2257.5,2023-02-24
179,167,Comfort Suites,San Jose,12,471.4,5656.85,2024-03-11
180,401,Comfort Suites,Boston,14,158.43,2218.02,2023-06-29
181,474,Hilton,Charlotte,5,156.04,780.19,2024-04-07
182,197,Park Hyatt,Houston,8,371.46,2971.67,2024-04-30
183,317,Sheraton,Atlanta,7,136.42,954.95,2023-11-20
184,472,Royal Inn,Los Angeles,2,243.86,487.72,2023-04-17
185,351,Royal Inn,New York,3,197.99,593.97,2023-04-13
186,310,Crown Plaza,Phoenix,6,462.5,2775.01,2024-05-30
187,389,Radisson,San Diego,5,304.03,1520.16,2024-06-13
188,70,InterContinental,Los Angeles,7,497.22,3480.52,2023-01-07
189,128,Sheraton,Atlanta,9,86.31,776.75,2024-04-30
190,204,Westin,Los Angeles,9,492.43,4431.88,2024-05-07
191,301,Plaza Hotel,New York,8,496.49,3971.9,2023-05-11
192,15,Sheraton,Fort Worth,14,113.24,1585.3,2024-08-14
193,106,Ramada,San Antonio,6,266.52,1599.1,2023-01-14
194,308,Westin,Boston,13,194.74,2531.66,2023-05-19
195,217,Radisson,Dallas,7,412.86,2890.03,2023-06-18
196,204,Westin,Seattle,13,258.5,3360.44,2023-05-31
197,153,Plaza Hotel,New York,2,466.2,932.4,2023-02-24
198,134,Marriott,Denver,9,185.52,1669.64,2024-05-05
199,207,Sheraton,San Antonio,4,260.64,1042.54,2024-12-14
200,465,Grand Hotel,Phoenix,12,242.07,2904.78,2024-06-29
201,176,Comfort Suites,Columbus,8,312.73,2501.8,2024-10-12
202,154,Comfort Suites,Miami,6,493.03,2958.17,2024-06-10
203,372,Best Western,Miami,5,133.73,668.63,2024-11-18
204,382,Marriott,Philadelphia,12,395.49,4745.94,2024-05-30
205,241,Grand Hotel,Charlotte,5,232.05,1160.26,2023-10-02
206,445,Park Hyatt,Atlanta,1,363.84,363.84,2024-03-15
207,103,Radisson,Boston,5,354.18,1770.92,2023-10-20
208,250,Crown Plaza,Atlanta,8,222.19,1777.49,2023-05-30
209,296,Royal Inn,Jacksonville,4,435.11,1740.46,2023-03-20
210,220,Ramada,Denver,3,476.68,1430.03,2023-06-07
211,457,InterContinental,New York,12,493.58,5923.02,2023-10-20
212,450,Radisson,San Antonio,9,338.21,3043.86,2024-05-18
213,422,Holiday Inn,Phoenix,10,388.04,3880.45,2023-03-28
214,69,InterContinental,Austin,8,458.49,3667.93,2024-02-12
215,10,Radisson,Jacksonville,4,182.02,728.07,2023-10-28
216,365,Holiday Inn,Phoenix,11,364.98,4014.75,2023-06-20
217,25,Best Western,Columbus,3,92.9,278.69,2024-07-22
218,130,Ramada,New York,7,367.73,2574.14,2023-03-16
219,267,Radisson,San Diego,8,228.52,1828.2,2023-01-13
220,59,Sheraton,Phoenix,9,105.53,949.74,2023-03-10
221,184,Crown Plaza,Denver,13,242.55,3153.16,2023-09-10
222,478,Plaza Hotel,San Jose,1,187.07,187.07,2024-10-12
223,343,Marriott,San Diego,1,242.38,242.38,2023-08-24
224,330,Park Hyatt,Chicago,12,309.03,3708.41,2023-05-29
225,437,Crown Plaza,San Jose,10,455.39,4553.94,2023-12-05
226,5,Grand Hotel,Austin,4,450.06,1800.24,2023-01-13
227,450,InterContinental,San Antonio,14,466.75,6534.5,2024-12-17
228,140,Royal Inn,Fort Worth,11,390.93,4300.22,2024-06-11
229,483,Holiday Inn,Denver,12,446.49,5357.84,2024-03-27
230,313,Crown Plaza,Houston,9,200.37,1803.37,2023-03-10
231,226,Park Hyatt,New York,7,225.04,1575.3,2023-06-26
232,393,Marriott,San Jose,5,186.85,934.23,2024-11-17
233,49,Crown Plaza,Atlanta,5,189.99,949.96,2023-02-24
234,28,Ramada,Denver,9,168.31,1514.81,2024-07-01
235,165,Sheraton,Boston,6,369.14,2214.85,2024-05-01
236,419,InterContinental,Dallas,10,171.33,1713.26,2024-12-22
237,61,Radisson,Seattle,9,125.0,1125.04,2024-10-19
238,406,Marriott,Phoenix,11,397.37,4371.11,2024-11-16
239,187,Comfort Suites,San Jose,4,350.33,1401.33,2023-05-07
240,367,Best Western,Dallas,9,271.73,2445.54,2024-05-29
241,182,Westin,Seattle,11,187.29,2060.21,2024-07-05
242,253,Sheraton,Miami,7,417.64,2923.48,2024-08-04
243,111,Best Western,Houston,7,495.03,3465.23,2024-06-24
244,302,Sheraton,Jacksonville,13,145.1,1886.32,2024-12-08
245,377,Holiday Inn,Seattle,1,208.55,208.55,2023-11-19
246,355,Royal Inn,Columbus,10,375.29,3752.93,2024-05-05
247,259,Comfort Suites,Phoenix,5,432.69,2163.47,2024-11-28
248,413,InterContinental,San Diego,5,238.27,1191.37,2023-02-07
249,365,Best Western,Charlotte,2,441.98,883.95,2024-09-04
250,472,Park Hyatt,San Antonio,12,484.67,5816.07,2024-12-28
251,390,Crown Plaza,San Antonio,3,192.48,577.43,2023-07-28
252,147,Holiday Inn,Seattle,9,352.45,3172.08,2024-08-29
253,29,Sheraton,New York,3,299.01,897.04,2023-09-01
254,105,Radisson,Philadelphia,13,123.35,1603.49,2023-04-26
255,443,Hilton,Los Angeles,11,310.88,3419.64,2023-01-31
256,355,Plaza Hotel,Fort Worth,14,145.99,2043.84,2024-08-03
257,495,Ramada,Columbus,3,297.17,891.52,2024-06-11
258,425,Ramada,New York,1,378.91,378.91,2024-07-24
259,230,Grand Hotel,Atlanta,4,150.47,601.88,2023-05-05
260,285,Plaza Hotel,San Antonio,14,129.13,1807.8,2023-07-09
261,21,Royal Inn,San Antonio,3,453.36,1360.09,2023-01-17
262,38,Hilton,Los Angeles,12,299.25,3590.99,2024-04-17
263,213,Best Western,Boston,7,128.14,896.97,2023-01-31
264,170,Crown Plaza,Fort Worth,14,345.18,4832.51,2024-11-18
265,5,Holiday Inn,San Antonio,9,466.21,4195.9,2024-11-23
266,196,Best Western,Seattle,12,242.22,2906.62,2023-01-12
267,421,Marriott,Columbus,2,423.49,846.98,2023-07-13
268,99,Grand Hotel,Boston,7,414.68,2902.77,2023-10-23
269,4,Park Hyatt,Chicago,12,178.8,2145.57,2024-07-20
270,106,Royal Inn,San Diego,6,352.95,2117.69,2024-10-18
271,45,InterContinental,Chicago,10,294.34,2943.41,2023-02-18
272,209,Radisson,San Antonio,8,196.07,1568.58,2024-07-17
273,4,Hilton,Fort Worth,3,161.89,485.68,2023-11-13
274,55,Crown Plaza,Chicago,14,492.63,6896.76,2023-11-20
275,243,Grand Hotel,Chicago,11,411.84,4530.29,2023-02-05
276,492,Holiday Inn,San Diego,4,388.0,1552.0,2023-01-18
277,73,Grand Hotel,Austin,14,395.67,5539.39,2023-07-06
278,108,Marriott,New York,6,423.3,2539.77,2023-10-13
279,428,Crown Plaza,San Antonio,12,327.1,3925.16,2024-03-24
280,237,Grand Hotel,Houston,2,219.19,438.38,2024-12-06
281,250,Hilton,Chicago,7,261.8,1832.58,2024-11-15
282,163,Grand Hotel,Phoenix,7,192.84,1349.9,2023-03-17
283,187,Park Hyatt,Austin,11,245.05,2695.6,2024-01-15
284,379,Westin,Charlotte,14,116.35,1628.87,2023-04-03
285,237,Park Hyatt,Dallas,14,454.56,6363.84,2023-08-19
286,440,Marriott,San Jose,1,419.26,419.26,2024-07-08
287,457,Park Hyatt,Miami,2,247.51,495.01,2024-08-28
288,283,Best Western,New York,13,339.82,4417.63,2023-02-12
289,376,InterContinental,Miami,10,86.32,863.19,2024-07-29
290,6,Plaza Hotel,Phoenix,4,260.56,1042.23,2024-07-15
291,338,Best Western,Philadelphia,5,312.66,1563.32,2024-01-22
292,136,Hilton,Denver,12,318.34,3820.04,2024-09-28
293,241,InterContinental,Los Angeles,3,243.13,729.4,2024-04-15
294,425,Hilton,Chicago,1,301.74,301.74,2024-07-06
295,335,Sheraton,Atlanta,9,313.28,2819.49,2024-10-12
296,181,Radisson,Boston,2,278.44,556.88,2024-11-29
297,118,Royal Inn,Denver,11,283.82,3122.06,2024-09-21
298,339,Hilton,Dallas,6,92.87,557.2,2024-08-28
299,303,Sheraton,Austin,3,232.47,697.41,2023-03-21
300,323,Westin,New York,8,456.65,3653.22,2023-01-24
301,491,Royal Inn,Atlanta,10,179.43,1794.34,2023-01-23
302,485,InterContinental,Miami,3,261.28,783.83,2024-12-19
303,308,Best Western,Seattle,6,270.91,1625.47,2024-10-08
304,473,Hilton,Philadelphia,10,314.81,3148.08,2023-07-11
305,104,Best Western,Miami,1,207.14,207.14,2023-03-22
306,20,Marriott,Columbus,14,82.45,1154.36,2024-08-08
307,277,Marriott,Denver,3,475.11,1425.34,2024-04-17
308,220,Holiday Inn,Charlotte,6,294.41,1766.45,2023-05-01
309,466,Royal Inn,Fort Worth,8,271.91,2175.24,2024-12-24
310,381,Park Hyatt,Austin,11,394.14,4335.54,2024-05-14
311,353,Royal Inn,Atlanta,7,332.89,2330.24,2023-03-18
312,134,Best Western,Charlotte,9,362.65,3263.84,2024-10-22
313,387,Westin,Columbus,3,197.74,593.22,2024-09-15
314,130,Hilton,Miami,10,249.18,2491.81,2023-05-22
315,61,Sheraton,Jacksonville,5,154.35,771.75,2023-05-25
316,411,Royal Inn,Seattle,8,220.39,1763.14,2024-08-24
317,422,Ramada,Los Angeles,8,102.43,819.41,2024-12-25
318,20,Park Hyatt,Columbus,5,382.82,1914.11,2024-01-11
319,485,Marriott,Columbus,3,124.2,372.6,2024-07-20
320,147,Crown Plaza,Denver,11,203.33,2236.66,2024-05-12
321,123,InterContinental,Boston,14,99.06,1386.78,2024-03-21
322,208,Comfort Suites,San Antonio,9,133.1,1197.86,2024-08-14
323,469,Holiday Inn,Boston,3,434.72,1304.15,2024-01-11
324,295,Grand Hotel,Fort Worth,14,80.03,1120.36,2024-08-11
325,175,Hilton,Philadelphia,12,100.91,1210.9,2024-10-09
326,248,Hilton,Dallas,4,468.64,1874.57,2023-12-17
327,60,Comfort Suites,Jacksonville,5,479.27,2396.34,2024-04-15
328,212,Crown Plaza,Columbus,4,427.46,1709.83,2023-10-13
329,384,Best Western,Miami,14,277.4,3883.62,2023-07-01
330,138,Marriott,Chicago,3,466.21,1398.62,2024-09-17
331,106,Grand Hotel,Denver,12,451.9,5422.81,2023-10-14
332,347,Radisson,Dallas,1,117.36,117.36,2024-06-16
333,253,Westin,New York,14,297.02,4158.26,2023-06-14
334,66,Royal Inn,Denver,5,381.17,1905.86,2023-09-04
335,398,Hilton,Columbus,3,497.35,1492.04,2023-03-16
336,346,Grand Hotel,Houston,9,468.16,4213.46,2024-01-18
337,281,Best Western,Atlanta,8,107.68,861.46,2023-12-26
338,215,Royal Inn,San Jose,11,373.17,4104.83,2023-03-02
339,352,Sheraton,Fort Worth,2,321.23,642.46,2023-01-02
340,243,Crown Plaza,San Jose,3,434.41,1303.24,2023-04-22
341,265,Hilton,San Antonio,11,116.19,1278.12,2023-07-10
342,51,Westin,Denver,2,393.96,787.93,2023-02-14
343,382,Grand Hotel,Los Angeles,6,175.51,1053.08,2024-03-27
344,445,Grand Hotel,Fort Worth,14,319.19,4468.73,2023-07-24
345,167,Sheraton,San Antonio,1,274.2,274.2,2024-03-16
346,238,Holiday Inn,Seattle,6,365.8,2194.82,2023-01-05
347,435,Royal Inn,San Antonio,5,460.54,2302.71,2024-10-31
348,137,Best Western,San Antonio,9,321.08,2889.73,2023-11-16
349,212,Plaza Hotel,Dallas,12,217.44,2609.23,2023-10-28
350,384,Best Western,New York,13,351.26,4566.39,2024-08-04
351,281,Sheraton,Philadelphia,8,253.55,2028.37,2024-07-22
352,336,Marriott,Columbus,4,443.39,1773.54,2024-02-27
353,430,Holiday Inn,San Diego,3,329.97,989.92,2023-10-13
354,240,Sheraton,Chicago,13,128.54,1671.0,2023-04-01
355,91,Holiday Inn,Dallas,13,382.8,4976.39,2023-05-25
356,466,Royal Inn,Charlotte,4,418.0,1672.02,2024-07-05
357,80,Grand Hotel,Miami,4,458.71,1834.85,2023-03-14
358,353,Marriott,Los Angeles,5,219.56,1097.81,2023-06-07
359,281,Hilton,San Jose,13,315.82,4105.68,2024-09-17
360,200,Holiday Inn,Charlotte,4,367.53,1470.13,2023-03-12
361,414,Holiday Inn,San Diego,5,169.6,848.01,2024-01-04
362,94,Marriott,Austin,5,300.09,1500.44,2023-09-05
363,252,Best Western,Houston,14,465.73,6520.17,2024-03-06
364,145,Best Western,New York,1,250.37,250.37,2023-10-07
365,112,Holiday Inn,Seattle,7,96.35,674.42,2024-03-15
366,42,Westin,San Jose,4,327.08,1308.32,2023-08-13
367,459,Best Western,Los Angeles,5,454.22,2271.09,2024-07-08
368,395,Marriott,Columbus,4,309.81,1239.23,2023-07-01
369,107,Crown Plaza,Los Angeles,13,175.7,2284.07,2024-10-07
370,267,Best Western,San Jose,5,250.47,1252.37,2023-05-22
371,112,Holiday Inn,Denver,1,218.96,218.96,2023-02-24
372,203,Westin,Charlotte,14,266.62,3732.68,2023-10-11
373,128,Sheraton,New York,1,245.26,245.26,2024-04-04
374,31,Hilton,Chicago,6,228.02,1368.15,2024-01-08
375,163,Westin,Phoenix,3,166.52,499.55,2023-07-07
376,129,Best Western,Seattle,14,84.09,1177.23,2023-02-04
377,96,Royal Inn,Charlotte,6,458.97,2753.83,2023-11-29
378,83,Park Hyatt,Austin,1,287.22,287.22,2024-12-17
379,1,Royal Inn,Phoenix,12,91.57,1098.88,2024-09-06
380,398,Royal Inn,Fort Worth,4,121.89,487.55,2023-03-27
381,98,Royal Inn,Jacksonville,8,407.14,3257.13,2024-02-02
382,50,Comfort Suites,Miami,10,494.24,4942.38,2023-01-20
383,99,Holiday Inn,Los Angeles,6,418.29,2509.71,2024-12-22
384,303,Westin,Atlanta,11,243.41,2677.48,2024-12-04
385,252,Hilton,Fort Worth,3,150.64,451.92,2023-01-25
386,421,Marriott,Seattle,12,340.81,4089.75,2023-08-28
387,484,Westin,San Jose,14,466.37,6529.11,2023-10-02
388,337,Ramada,Houston,2,366.69,733.37,2023-01-01
389,184,Holiday Inn,Philadelphia,2,360.08,720.16,2023-07-06
390,173,Marriott,Columbus,6,409.67,2458.03,2024-08-02
391,167,Comfort Suites,Miami,14,484.03,6776.44,2023-01-11
392,289,Ramada,Charlotte,14,255.43,3575.96,2024-12-17
393,1,Marriott,Columbus,1,113.15,113.15,2023-04-24
394,4,Ramada,Austin,4,442.39,1769.54,2023-07-07
395,471,Radisson,San Antonio,6,485.98,2915.86,2024-11-01
396,71,Radisson,Miami,11,327.04,3597.49,2024-03-26
397,205,Park Hyatt,Atlanta,10,222.71,2227.09,2024-03-24
398,360,Royal Inn,Chicago,1,481.46,481.46,2024-05-19
399,179,Crown Plaza,Austin,13,266.04,3458.46,2023-07-15
400,325,Grand Hotel,Charlotte,3,274.75,824.26,2024-07-17
401,168,Radisson,Los Angeles,6,377.48,2264.91,2024-08-27
402,259,Radisson,Phoenix,6,350.44,2102.66,2023-08-25
403,293,Grand Hotel,Charlotte,13,428.28,5567.62,2023-02-19
404,67,Sheraton,Miami,7,200.9,1406.27,2024-11-24
405,288,Plaza Hotel,Denver,4,487.33,1949.32,2023-01-13
406,474,Grand Hotel,San Diego,12,456.85,5482.2,2023-05-02
407,177,Ramada,Phoenix,5,226.25,1131.24,2023-02-02
408,320,Sheraton,Austin,4,259.93,1039.73,2024-06-02
409,58,Royal Inn,Los Angeles,12,488.37,5860.41,2023-10-19
410,176,Sheraton,Dallas,2,307.96,615.92,2024-10-03
411,109,Marriott,Austin,2,481.27,962.55,2024-10-31
412,356,Best Western,Denver,10,338.97,3389.72,2023-06-28
413,103,Ramada,Columbus,6,225.37,1352.19,2023-09-07
414,339,Comfort Suites,Dallas,6,368.13,2208.78,2023-12-15
415,195,Grand Hotel,Houston,1,231.77,231.77,2023-03-14
416,288,Sheraton,Jacksonville,1,251.17,251.17,2024-05-13
417,10,Hilton,Chicago,10,85.48,854.8,2023-01-20
418,142,Grand Hotel,Fort Worth,10,259.96,2599.59,2024-07-14
419,78,Holiday Inn,San Jose,2,309.63,619.26,2024-03-25
420,352,Ramada,Phoenix,5,98.52,492.59,2024-12-13
421,169,Park Hyatt,San Diego,4,498.37,1993.47,2024-05-27
422,442,Radisson,Phoenix,12,365.69,4388.3,2023-08-12
423,336,Park Hyatt,Boston,4,319.52,1278.06,2023-10-23
424,430,Crown Plaza,Jacksonville,10,373.53,3735.33,2024-01-19
425,478,Holiday Inn,Jacksonville,4,88.61,354.46,2024-02-07
426,316,Marriott,Phoenix,8,238.33,1906.64,2023-06-10
427,184,Radisson,Miami,6,83.38,500.29,2023-06-14
428,252,Holiday Inn,Phoenix,6,427.95,2567.67,2023-03-16
429,474,Park Hyatt,San Antonio,4,493.85,1975.42,2023-11-17
430,444,Park Hyatt,San Diego,3,457.51,1372.54,2023-07-08
431,377,Comfort Suites,Austin,2,272.94,545.88,2023-09-18
432,267,Radisson,Austin,10,105.68,1056.82,2023-07-11
433,286,Plaza Hotel,Seattle,10,375.03,3750.32,2023-06-03
434,237,Crown Plaza,Los Angeles,13,172.96,2248.42,2023-12-05
435,425,Sheraton,San Jose,2,109.29,218.58,2023-02-02
436,280,Crown Plaza,Chicago,1,350.12,350.12,2024-03-07
437,459,Grand Hotel,Charlotte,11,99.49,1094.34,2023-09-08
438,368,Best Western,Chicago,11,401.01,4411.09,2024-07-07
439,197,Grand Hotel,Chicago,7,294.38,2060.68,2023-09-06
440,290,Royal Inn,Philadelphia,3,452.29,1356.86,2023-04-30
441,159,InterContinental,San Antonio,7,244.88,1714.19,2023-08-14
442,2,Park Hyatt,San Jose,3,338.83,1016.5,2023-01-07
443,312,Marriott,New York,11,220.49,2425.44,2024-04-12
444,308,Best Western,San Antonio,13,448.11,5825.46,2024-07-30
445,179,Marriott,Miami,13,492.45,6401.84,2024-04-06
446,214,Royal Inn,Los Angeles,14,317.55,4445.69,2023-07-10
447,477,InterContinental,Austin,3,329.24,987.71,2024-08-30
448,432,Grand Hotel,Austin,7,210.91,1476.35,2024-02-09
449,270,Hilton,Austin,4,480.37,1921.46,2023-09-04
450,271,InterContinental,San Antonio,11,417.72,4594.97,2023-07-03
451,182,Holiday Inn,San Jose,1,451.59,451.59,2023-05-25
452,453,Royal Inn,Miami,6,228.56,1371.38,2023-07-11
453,378,Ramada,Austin,5,274.02,1370.08,2024-04-19
454,109,Grand Hotel,Charlotte,1,371.86,371.86,2023-05-10
455,393,Crown Plaza,Austin,8,128.1,1024.84,2023-12-19
456,427,Grand Hotel,Jacksonville,3,174.77,524.32,2024-07-17
457,70,Comfort Suites,Jacksonville,3,159.4,478.2,2024-12-18
458,428,Westin,Seattle,2,351.75,703.51,2024-09-14
459,351,Ramada,Atlanta,11,151.79,1669.64,2023-12-28
460,321,Sheraton,Chicago,9,409.98,3689.86,2024-06-18
461,362,Marriott,Atlanta,8,383.57,3068.57,2024-12-03
462,232,InterContinental,Los Angeles,10,119.67,1196.75,2023-04-19
463,399,Best Western,San Antonio,2,291.32,582.63,2023-08-05
464,98,Royal Inn,Seattle,6,219.57,1317.44,2024-07-17
465,347,Sheraton,Boston,12,327.19,3926.25,2023-11-17
466,160,Comfort Suites,Los Angeles,12,274.78,3297.3,2024-04-26
467,382,Best Western,Chicago,12,370.11,4441.29,2024-01-26
468,273,InterContinental,Atlanta,9,98.67,888.05,2023-02-21
469,287,Holiday Inn,Houston,13,222.66,2894.59,2023-08-31
470,412,Sheraton,San Diego,9,401.55,3613.92,2024-12-17
471,228,Hilton,San Diego,14,170.7,2389.77,2024-07-14
472,201,Ramada,New York,10,475.89,4758.94,2024-06-04
473,366,InterContinental,Miami,10,281.43,2814.29,2023-06-26
474,240,Crown Plaza,Chicago,9,195.97,1763.7,2023-11-15
475,441,Comfort Suites,San Jose,1,356.09,356.09,2024-06-10
476,233,Comfort Suites,Fort Worth,3,383.4,1150.2,2024-05-03
477,145,Plaza Hotel,Houston,1,102.67,102.67,2024-07-18
478,167,Radisson,Atlanta,10,203.71,2037.09,2023-05-11
479,125,Radisson,Austin,14,491.34,6878.77,2023-05-19
480,221,Park Hyatt,Denver,3,104.85,314.54,2023-04-01
481,40,Radisson,Atlanta,5,284.66,1423.28,2023-10-13
482,91,Westin,Seattle,4,387.08,1548.32,2024-06-21
483,168,Sheraton,Chicago,2,107.74,215.47,2024-01-04
484,415,Grand Hotel,Houston,10,378.43,3784.27,2024-12-18
485,101,Westin,Philadelphia,11,133.14,1464.58,2024-10-04
486,46,Plaza Hotel,San Jose,1,133.58,133.58,2024-10-11
487,496,Comfort Suites,Boston,1,196.34,196.34,2024-12-13
488,222,Westin,Miami,4,438.0,1751.99,2023-05-14
489,280,Westin,Fort Worth,8,289.17,2313.37,2023-05-11
490,431,Grand Hotel,Denver,2,182.35,364.71,2023-07-18
491,74,Royal Inn,Austin,13,398.91,5185.8,2024-05-30
492,458,Hilton,Columbus,7,220.9,1546.27,2023-02-18
493,197,Radisson,Columbus,5,246.27,1231.33,2023-01-03
494,365,Plaza Hotel,Philadelphia,14,104.13,1457.75,2024-09-01
495,361,Marriott,Charlotte,14,264.79,3707.03,2024-04-15
496,239,Sheraton,Atlanta,7,459.3,3215.09,2023-04-09
497,492,Radisson,Boston,9,174.18,1567.65,2023-03-14
498,399,Royal Inn,Miami,1,353.74,353.74,2024-09-04
499,492,Westin,Charlotte,7,366.71,2566.95,2024-12-03
500,373,Crown Plaza,Austin,2,277.26,554.53,2024-01-23
501,150,Sheraton,Dallas,10,97.17,971.68,2023-06-12
502,130,Royal Inn,New York,12,481.43,5777.16,2023-08-12
503,466,Crown Plaza,Dallas,13,92.25,1199.28,2023-09-11
504,93,Royal Inn,Seattle,12,307.31,3687.71,2023-10-10
505,429,Comfort Suites,Los Angeles,10,242.58,2425.82,2023-06-16
506,376,Royal Inn,Fort Worth,10,114.09,1140.87,2023-07-27
507,238,Grand Hotel,Los Angeles,7,284.48,1991.33,2024-05-28
508,243,Crown Plaza,San Jose,6,250.46,1502.77,2024-01-13
509,348,Holiday Inn,Boston,7,433.4,3033.82,2024-02-07
510,313,Hilton,Los Angeles,13,448.35,5828.49,2023-02-11
511,201,Royal Inn,Jacksonville,4,374.18,1496.72,2023-06-06
512,161,Marriott,Atlanta,10,295.1,2951.01,2024-02-08
513,229,Park Hyatt,Los Angeles,6,105.39,632.32,2024-08-18
514,481,Park Hyatt,Austin,13,400.49,5206.35,2023-09-18
515,337,Hilton,Houston,11,95.19,1047.14,2024-03-17
516,328,InterContinental,Philadelphia,4,367.64,1470.56,2024-09-11
517,398,Hilton,Charlotte,4,381.26,1525.03,2024-08-04
518,226,Sheraton,Columbus,6,83.59,501.51,2024-10-24
519,277,Comfort Suites,San Antonio,7,150.26,1051.79,2023-07-14
520,18,Hilton,San Antonio,14,150.96,2113.39,2023-05-18
521,77,Comfort Suites,Atlanta,14,129.34,1810.73,2023-10-30
522,295,Radisson,Chicago,5,170.91,854.53,2024-02-25
523,277,Radisson,Seattle,3,466.25,1398.74,2023-12-18
524,171,Radisson,Columbus,9,372.08,3348.71,2023-09-30
525,42,Crown Plaza,Columbus,3,122.59,367.78,2024-06-11
526,339,Best Western,San Jose,9,347.22,3124.96,2023-02-10
527,377,Radisson,Columbus,12,287.06,3444.68,2024-08-31
528,200,Ramada,Los Angeles,10,121.2,1211.96,2024-09-29
529,19,Westin,San Jose,7,141.96,993.71,2023-09-03
530,342,Royal Inn,Jacksonville,5,461.12,2305.62,2024-12-29
531,251,Hilton,Miami,11,332.33,3655.63,2024-11-30
532,89,Marriott,Denver,5,172.65,863.27,2024-07-27
533,419,Westin,Austin,13,180.56,2347.24,2023-05-18
534,416,Ramada,Phoenix,5,477.84,2389.19,2023-07-11
535,392,Best Western,Austin,6,360.02,2160.11,2024-01-09
536,87,Plaza Hotel,Philadelphia,4,174.46,697.85,2023-09-24
537,52,Plaza Hotel,Miami,14,94.59,1324.24,2024-12-07
538,92,Crown Plaza,Fort Worth,2,113.05,226.1,2024-01-10
539,139,Grand Hotel,San Jose,11,302.18,3323.99,2024-02-20
540,368,Marriott,Columbus,6,491.66,2949.95,2023-10-01
541,99,Ramada,Chicago,14,276.1,3865.4,2024-02-04
542,113,Holiday Inn,Houston,12,316.76,3801.13,2023-10-03
543,255,Sheraton,San Jose,6,414.35,2486.09,2024-02-16
544,316,Westin,Los Angeles,12,455.86,5470.37,2023-10-02
545,249,Marriott,Los Angeles,13,475.95,6187.37,2024-10-12
546,383,Hilton,Chicago,4,231.41,925.63,2023-09-03
547,446,Hilton,San Diego,6,317.01,1902.08,2023-10-05
548,75,InterContinental,San Diego,7,471.1,3297.71,2024-08-31
549,324,Hilton,Charlotte,9,240.57,2165.12,2023-03-07
550,70,Royal Inn,San Antonio,4,460.5,1841.99,2023-05-10
551,310,Grand Hotel,Seattle,3,224.17,672.5,2024-01-14
552,442,Sheraton,Philadelphia,9,373.05,3357.46,2023-01-09
553,127,Ramada,Seattle,6,468.62,2811.74,2024-09-25
554,23,Comfort Suites,Atlanta,5,293.38,1466.9,2023-12-16
555,421,Marriott,Boston,13,247.62,3219.09,2023-05-27
556,487,Hilton,Denver,13,474.78,6172.13,2024-08-12
557,343,Comfort Suites,Fort Worth,7,206.88,1448.14,2024-04-02
558,448,Grand Hotel,Seattle,2,438.45,876.9,2023-09-03
559,37,Comfort Suites,Philadelphia,8,445.45,3563.59,2023-10-10
560,278,Royal Inn,Boston,4,234.54,938.14,2024-08-25
561,187,Ramada,Chicago,5,156.27,781.34,2023-05-06
562,332,Park Hyatt,Columbus,14,200.08,2801.18,2024-11-14
563,59,Plaza Hotel,Miami,11,308.67,3395.41,2023-07-20
564,181,Crown Plaza,Atlanta,13,456.85,5939.04,2024-03-01
565,257,Ramada,Columbus,2,206.42,412.84,2023-11-21
566,232,Holiday Inn,Denver,5,169.67,848.33,2023-02-27
567,148,InterContinental,Chicago,10,253.31,2533.13,2024-11-04
568,267,Ramada,San Antonio,8,174.92,1399.38,2024-11-28
569,228,Radisson,Austin,1,92.59,92.59,2024-10-23
570,331,Crown Plaza,Austin,12,131.23,1574.79,2024-06-27
571,432,Ramada,Atlanta,6,466.3,2797.78,2023-05-26
572,117,Holiday Inn,Seattle,2,113.35,226.7,2024-07-16
573,317,Park Hyatt,San Jose,2,464.78,929.57,2024-07-24
574,407,Crown Plaza,San Jose,6,145.7,874.17,2024-01-07
575,134,Hilton,Dallas,11,197.33,2170.64,2023-06-30
576,191,Park Hyatt,San Diego,9,414.95,3734.59,2023-09-23
577,394,Holiday Inn,Philadelphia,14,365.72,5120.02,2024-11-26
578,170,Radisson,Austin,1,127.22,127.22,2023-07-18
579,174,Grand Hotel,Denver,3,445.27,1335.81,2024-11-23
580,206,Ramada,Denver,12,302.2,3626.35,2023-12-16
581,299,Ramada,Seattle,12,424.55,5094.59,2023-08-16
582,344,Sheraton,San Jose,8,274.38,2195.0,2023-05-16
583,466,Hilton,Fort Worth,7,248.13,1736.9,2023-11-28
584,177,Royal Inn,Columbus,4,161.89,647.57,2023-01-04
585,412,Crown Plaza,Seattle,5,462.63,2313.16,2024-10-23
586,307,Westin,Philadelphia,1,468.5,468.5,2024-10-06
587,34,Ramada,San Diego,6,422.42,2534.53,2024-03-25
588,285,Marriott,Chicago,9,106.41,957.69,2024-01-12
589,22,Grand Hotel,Phoenix,11,298.04,3278.45,2023-02-16
590,406,Crown Plaza,Atlanta,1,466.73,466.73,2024-05-10
591,214,Royal Inn,San Jose,11,154.84,1703.2,2023-05-12
592,307,Radisson,San Diego,5,158.25,791.25,2024-04-19
593,499,Hilton,Atlanta,14,477.05,6678.73,2023-05-03
594,75,Sheraton,Fort Worth,1,333.77,333.77,2023-08-21
595,467,InterContinental,Phoenix,12,412.54,4950.47,2023-08-11
596,393,Westin,Austin,7,302.22,2115.51,2024-10-04
597,410,Ramada,Houston,2,287.64,575.28,2023-06-18
598,71,Hilton,Fort Worth,1,163.35,163.35,2023-07-22
599,112,Comfort Suites,Fort Worth,10,225.26,2252.63,2024-12-27
600,388,Ramada,San Diego,9,405.74,3651.64,2023-06-30
601,246,Comfort Suites,Charlotte,12,91.25,1095.02,2024-10-22
602,89,InterContinental,Fort Worth,10,385.03,3850.27,2024-05-11
603,353,Sheraton,New York,4,224.47,897.87,2024-01-18
604,40,Radisson,Phoenix,6,427.44,2564.66,2024-11-06
605,304,Comfort Suites,Columbus,4,462.01,1848.03,2023-06-01
606,401,Plaza Hotel,Houston,3,348.77,1046.32,2024-03-29
607,75,Sheraton,San Antonio,12,338.7,4064.38,2024-06-18
608,124,Marriott,Atlanta,10,153.21,1532.09,2023-10-22
609,88,Crown Plaza,Chicago,14,278.95,3905.25,2024-12-11
610,244,Plaza Hotel,New York,13,429.27,5580.52,2023-12-29
611,218,Royal Inn,Philadelphia,3,175.19,525.56,2024-03-13
612,57,Holiday Inn,San Diego,9,227.0,2043.03,2023-02-05
613,253,Best Western,Denver,7,118.49,829.42,2023-02-20
614,284,Hilton,San Jose,8,99.14,793.09,2023-07-11
615,189,InterContinental,Charlotte,10,289.09,2890.9,2023-05-04
616,44,Hilton,Denver,9,418.91,3770.18,2023-07-24
617,34,Royal Inn,Columbus,1,121.44,121.44,2024-05-18
618,143,Radisson,Jacksonville,3,246.5,739.5,2023-12-29
619,249,Plaza Hotel,Atlanta,14,479.9,6718.64,2024-07-20
620,322,Comfort Suites,Phoenix,9,364.66,3281.97,2024-10-09
621,498,Radisson,Phoenix,12,117.65,1411.79,2024-05-19
622,339,Ramada,Austin,13,433.56,5636.31,2024-03-21
623,134,Crown Plaza,Seattle,12,400.06,4800.71,2024-06-30
624,451,Plaza Hotel,Miami,5,407.33,2036.64,2024-05-04
625,286,Comfort Suites,Seattle,6,265.9,1595.39,2023-09-26
626,392,Westin,Philadelphia,3,168.12,504.37,2023-08-10
627,260,Ramada,Seattle,3,139.49,418.46,2023-06-15
628,165,Royal Inn,Dallas,12,293.51,3522.13,2024-10-11
629,14,Comfort Suites,Atlanta,13,335.12,4356.56,2023-09-17
630,29,Crown Plaza,Columbus,6,315.29,1891.74,2024-11-17
631,445,Radisson,Dallas,12,317.75,3813.01,2024-11-11
632,443,Westin,Jacksonville,11,441.3,4854.27,2023-07-02
633,163,Comfort Suites,Denver,6,250.11,1500.67,2024-01-22
634,106,Plaza Hotel,Fort Worth,14,453.14,6343.96,2023-12-12
635,104,Plaza Hotel,Boston,6,355.56,2133.35,2024-02-03
636,206,Crown Plaza,Miami,14,456.78,6394.88,2024-05-05
637,411,Royal Inn,Chicago,13,182.75,2375.75,2024-10-25
638,259,Radisson,Columbus,9,103.28,929.49,2024-02-11
639,320,Crown Plaza,Charlotte,13,286.55,3725.1,2023-04-18
640,296,Marriott,Miami,4,82.65,330.61,2024-11-16
641,479,InterContinental,Seattle,4,439.84,1759.38,2023-11-09
642,392,Comfort Suites,Boston,2,354.34,708.69,2023-11-28
643,422,Plaza Hotel,Charlotte,1,453.16,453.16,2023-03-15
644,15,Radisson,San Jose,13,241.85,3144.1,2024-02-15
645,82,Radisson,Seattle,1,293.66,293.66,2023-10-21
646,494,Radisson,New York,7,176.28,1233.96,2024-04-29
647,462,Westin,New York,6,242.17,1453.01,2023-11-18
648,478,Marriott,Chicago,5,412.12,2060.58,2023-02-16
649,63,InterContinental,Atlanta,6,185.6,1113.6,2023-03-16
650,112,Royal Inn,Jacksonville,3,473.45,1420.35,2024-11-06
651,29,Royal Inn,San Antonio,6,116.32,697.92,2023-10-02
652,127,Marriott,Jacksonville,2,317.82,635.63,2024-11-20
653,18,Sheraton,Fort Worth,6,259.87,1559.23,2023-01-18
654,463,Sheraton,Dallas,11,118.36,1301.92,2024-01-20
655,475,Best Western,Miami,4,328.19,1312.77,2024-04-06
656,324,Grand Hotel,Chicago,8,230.26,1842.05,2023-07-09
657,378,Grand Hotel,Los Angeles,8,417.44,3339.52,2023-05-21
658,216,Radisson,Charlotte,5,150.87,754.33,2023-06-12
659,323,Holiday Inn,Austin,1,109.87,109.87,2024-10-29
660,57,Royal Inn,New York,2,137.1,274.2,2024-11-08
661,232,Sheraton,Boston,3,209.14,627.43,2023-07-26
662,189,Ramada,San Jose,4,395.8,1583.19,2024-03-16
663,332,Sheraton,Columbus,10,249.48,2494.84,2024-06-28
664,206,Sheraton,Chicago,11,270.64,2977.03,2023-02-07
665,61,Comfort Suites,Dallas,9,279.32,2513.86,2023-03-17
666,485,Plaza Hotel,Columbus,7,286.03,2002.22,2024-05-10
667,308,Comfort Suites,Austin,2,415.11,830.23,2023-07-09
668,500,InterContinental,San Antonio,8,353.85,2830.84,2024-11-22
669,6,Westin,Seattle,1,273.36,273.36,2023-12-14
670,217,Sheraton,Jacksonville,10,484.81,4848.11,2024-07-01
671,242,Marriott,Dallas,8,352.47,2819.79,2024-03-06
672,344,Radisson,Los Angeles,4,433.08,1732.31,2023-08-01
673,450,Westin,Miami,11,320.1,3521.1,2024-12-16
674,23,Royal Inn,Chicago,5,165.27,826.33,2024-09-09
675,314,Park Hyatt,Dallas,11,403.38,4437.23,2023-12-03
676,392,Radisson,Boston,4,92.97,371.87,2024-06-08
677,241,Marriott,Charlotte,12,409.97,4919.61,2024-10-14
678,227,Grand Hotel,Seattle,3,177.93,533.8,2023-05-29
679,64,Marriott,Seattle,3,130.84,392.52,2023-03-12
680,289,Holiday Inn,San Diego,14,89.88,1258.29,2023-12-24
681,472,Sheraton,San Antonio,13,238.82,3104.62,2023-10-17
682,349,Holiday Inn,Denver,11,271.56,2987.16,2023-10-18
683,236,Comfort Suites,Jacksonville,1,378.61,378.61,2023-01-02
684,336,Hilton,Charlotte,7,486.63,3406.42,2024-04-20
685,145,InterContinental,Austin,5,209.86,1049.29,2024-11-12
686,495,Sheraton,Houston,7,288.49,2019.45,2023-11-01
687,332,Ramada,Chicago,8,329.1,2632.77,2023-11-13
688,463,Hilton,Houston,2,256.31,512.62,2023-07-26
689,229,Park Hyatt,Phoenix,6,259.18,1555.11,2023-02-04
690,315,Hilton,Dallas,14,218.86,3064.08,2023-01-24
691,115,Plaza Hotel,Charlotte,4,228.26,913.05,2024-12-16
692,465,Westin,Denver,8,163.66,1309.24,2024-08-25
693,268,Hilton,San Jose,7,489.52,3426.65,2024-08-01
694,218,Holiday Inn,Atlanta,10,158.32,1583.18,2024-04-20
695,9,Sheraton,Seattle,2,126.16,252.32,2024-10-12
696,153,Westin,Philadelphia,11,230.4,2534.39,2024-08-05
697,109,Grand Hotel,Charlotte,7,173.55,1214.86,2023-07-30
698,60,Westin,San Jose,12,235.8,2829.65,2024-04-22
699,372,Royal Inn,Denver,1,155.28,155.28,2023-12-25
700,8,Hilton,Fort Worth,3,302.19,906.56,2024-04-18
701,75,Plaza Hotel,New York,11,166.68,1833.43,2023-11-03
702,76,Park Hyatt,Charlotte,2,438.4,876.79,2024-09-20
703,494,Crown Plaza,New York,9,340.72,3066.49,2024-07-27
704,27,Hilton,New York,10,400.65,4006.49,2024-09-18
705,306,Radisson,Phoenix,6,467.49,2804.96,2024-02-28
706,479,InterContinental,San Jose,7,184.17,1289.16,2023-12-05
707,284,Westin,San Diego,5,447.36,2236.78,2023-10-27
708,230,InterContinental,Charlotte,4,209.1,836.42,2023-09-21
709,119,Sheraton,New York,2,412.52,825.03,2023-11-09
710,240,Sheraton,Atlanta,2,246.12,492.24,2024-09-09
711,319,Crown Plaza,Columbus,4,396.25,1585.01,2023-09-06
712,252,Park Hyatt,Chicago,12,476.79,5721.54,2023-09-22
713,184,Sheraton,Denver,10,269.37,2693.74,2023-08-20
714,59,Grand Hotel,Philadelphia,5,448.37,2241.85,2023-09-28
715,394,Westin,Houston,9,398.81,3589.29,2024-11-04
716,475,Grand Hotel,Dallas,9,151.96,1367.66,2023-08-18
717,86,Comfort Suites,Houston,10,217.84,2178.39,2024-03-06
718,256,Sheraton,San Diego,10,383.64,3836.39,2023-08-12
719,225,InterContinental,Philadelphia,11,423.38,4657.18,2024-10-19
720,191,Royal Inn,Dallas,9,324.71,2922.37,2023-10-04
721,404,Ramada,Jacksonville,4,146.23,584.92,2023-01-09
722,407,Grand Hotel,Charlotte,13,319.82,4157.7,2023-05-13
723,484,InterContinental,New York,12,152.8,1833.62,2024-05-05
724,202,Ramada,Jacksonville,1,281.15,281.15,2023-11-05
725,449,Park Hyatt,Philadelphia,14,297.8,4169.2,2023-07-17
726,5,Marriott,Charlotte,11,378.1,4159.07,2024-02-27
727,455,Comfort Suites,Boston,6,278.5,1671.0,2024-08-22
728,398,Plaza Hotel,Charlotte,14,406.65,5693.15,2023-02-08
729,267,Sheraton,Chicago,1,98.02,98.02,2023-10-12
730,82,Ramada,San Antonio,7,436.27,3053.87,2024-01-26
731,259,Plaza Hotel,Miami,2,142.32,284.64,2024-09-17
732,482,Comfort Suites,Fort Worth,10,102.94,1029.35,2023-01-29
733,290,Comfort Suites,San Jose,12,447.35,5368.19,2023-04-20
734,345,Marriott,San Diego,13,128.22,1666.8,2024-04-17
735,422,Best Western,Boston,14,245.26,3433.68,2023-12-31
736,48,Marriott,Seattle,12,329.86,3958.32,2023-07-14
737,207,Crown Plaza,Phoenix,10,221.7,2217.0,2024-11-24
738,353,Hilton,Denver,8,484.81,3878.51,2024-07-22
739,496,Sheraton,Philadelphia,13,113.13,1470.69,2024-08-10
740,484,Westin,Boston,4,476.64,1906.56,2023-09-25
741,21,Park Hyatt,Houston,6,312.07,1872.43,2023-07-13
742,15,Plaza Hotel,Houston,12,217.45,2609.37,2024-02-02
743,111,Best Western,Philadelphia,2,110.44,220.88,2024-07-09
744,247,Park Hyatt,New York,6,100.18,601.11,2023-07-29
745,68,Comfort Suites,Atlanta,3,160.01,480.02,2024-02-22
746,444,Crown Plaza,Boston,11,391.16,4302.78,2023-02-04
747,277,Park Hyatt,Chicago,4,161.86,647.44,2024-04-13
748,323,Radisson,Dallas,3,191.35,574.06,2023-08-01
749,278,Radisson,Miami,2,87.86,175.72,2023-08-26
750,62,Best Western,Atlanta,8,379.97,3039.73,2024-03-01
751,430,Hilton,Philadelphia,12,371.12,4453.46,2024-11-04
752,175,Grand Hotel,Chicago,13,425.05,5525.69,2023-01-29
753,51,Marriott,Charlotte,9,412.42,3711.76,2024-10-28
754,488,Sheraton,Austin,12,377.3,4527.55,2023-05-25
755,200,Grand Hotel,Los Angeles,14,197.84,2769.81,2024-08-19
756,27,Royal Inn,Phoenix,3,452.17,1356.51,2024-10-31
757,138,Holiday Inn,Atlanta,11,358.32,3941.51,2024-05-13
758,120,Plaza Hotel,Seattle,5,107.05,535.26,2023-09-27
759,156,Grand Hotel,Miami,1,206.88,206.88,2023-11-23
760,277,Grand Hotel,Seattle,3,175.92,527.76,2024-01-11
761,149,Sheraton,Miami,3,148.03,444.1,2024-07-26
762,195,Comfort Suites,New York,5,257.29,1286.46,2023-12-13
763,36,Plaza Hotel,Atlanta,8,395.67,3165.4,2023-06-13
764,450,Sheraton,Columbus,4,136.06,544.24,2023-06-06
765,232,Grand Hotel,Boston,13,178.18,2316.4,2023-05-20
766,468,Royal Inn,Jacksonville,3,218.68,656.04,2024-08-10
767,212,Plaza Hotel,New York,4,165.85,663.41,2023-01-11
768,276,Hilton,Fort Worth,1,172.17,172.17,2023-09-17
769,430,Royal Inn,Houston,8,265.21,2121.67,2024-12-09
770,381,Marriott,Phoenix,11,458.38,5042.18,2024-04-12
771,120,Comfort Suites,Fort Worth,14,84.5,1182.95,2024-03-13
772,4,Marriott,Los Angeles,13,280.92,3652.0,2024-09-16
773,379,Ramada,Houston,13,421.81,5483.52,2023-09-13
774,133,Radisson,Miami,12,103.8,1245.59,2023-10-12
775,348,Ramada,Boston,6,168.46,1010.74,2023-03-22
776,483,Best Western,Dallas,3,462.3,1386.9,2024-08-18
777,254,Comfort Suites,Jacksonville,13,188.49,2450.4,2024-05-14
778,230,Westin,Los Angeles,4,92.2,368.79,2023-10-05
779,378,Best Western,Columbus,13,135.36,1759.68,2023-05-11
780,321,InterContinental,Chicago,5,272.55,1362.75,2024-08-18
781,431,Royal Inn,Denver,12,414.81,4977.7,2023-01-17
782,267,Radisson,Houston,8,381.43,3051.47,2023-06-17
783,64,Ramada,Chicago,13,135.61,1762.92,2023-02-23
784,32,Ramada,Chicago,6,104.57,627.39,2024-02-28
785,27,Holiday Inn,Los Angeles,14,188.76,2642.59,2024-07-13
786,320,Crown Plaza,Columbus,12,406.0,4871.99,2023-04-15
787,334,Holiday Inn,Fort Worth,8,349.72,2797.77,2024-12-08
788,305,Royal Inn,Seattle,6,426.43,2558.6,2024-02-28
789,247,Ramada,Atlanta,10,410.4,4103.97,2024-09-07
790,160,Grand Hotel,Charlotte,14,156.81,2195.32,2023-09-28
791,76,Plaza Hotel,Boston,7,231.1,1617.7,2024-07-08
792,348,Comfort Suites,Jacksonville,9,446.41,4017.66,2024-03-27
793,328,Comfort Suites,Dallas,13,364.61,4739.9,2024-10-06
794,355,Comfort Suites,Jacksonville,6,292.43,1754.59,2023-03-07
795,449,InterContinental,Atlanta,3,213.0,638.99,2023-02-11
796,320,Hilton,Denver,10,408.42,4084.15,2023-12-18
797,95,Westin,Denver,7,398.46,2789.25,2023-10-16
798,149,Plaza Hotel,Fort Worth,5,464.24,2321.2,2023-05-31
799,90,Holiday Inn,Atlanta,8,184.62,1476.99,2023-07-12
800,467,InterContinental,Philadelphia,10,403.16,4031.57,2023-03-20
801,123,Royal Inn,Philadelphia,3,121.89,365.66,2023-03-28
802,452,Best Western,Philadelphia,1,130.07,130.07,2024-04-13
803,326,Westin,San Diego,1,179.0,179.0,2023-12-21
804,28,Grand Hotel,Atlanta,9,254.69,2292.21,2024-09-20
805,405,Holiday Inn,Phoenix,11,464.86,5113.45,2023-03-17
806,192,Park Hyatt,Chicago,14,100.78,1410.96,2024-05-11
807,367,Ramada,Charlotte,12,95.14,1141.71,2024-10-06
808,19,Royal Inn,Dallas,4,331.27,1325.08,2023-12-27
809,293,Park Hyatt,San Antonio,10,488.08,4880.82,2024-09-24
810,266,Marriott,Dallas,12,229.08,2749.0,2024-09-04
811,240,Holiday Inn,Atlanta,12,452.01,5424.18,2023-04-23
812,120,Ramada,Jacksonville,2,152.52,305.04,2023-05-26
813,41,Plaza Hotel,Fort Worth,8,477.05,3816.36,2023-09-18
814,171,Comfort Suites,San Diego,4,314.17,1256.69,2023-07-06
815,438,Comfort Suites,Dallas,1,231.5,231.5,2023-10-24
816,485,Hilton,Dallas,3,127.45,382.36,2023-06-30
817,117,Sheraton,New York,11,214.61,2360.72,2023-09-24
818,370,Ramada,Denver,11,240.65,2647.15,2023-07-16
819,214,Westin,Austin,4,390.82,1563.26,2023-01-02
820,157,Park Hyatt,Seattle,9,422.91,3806.2,2023-07-27
821,386,Park Hyatt,Denver,5,206.86,1034.29,2023-01-19
822,79,Best Western,San Jose,9,433.06,3897.54,2024-05-26
823,198,Grand Hotel,Atlanta,10,323.65,3236.46,2023-12-05
824,54,Grand Hotel,Houston,5,275.14,1375.71,2023-06-20
825,146,Hilton,Philadelphia,14,237.16,3320.24,2024-11-30
826,6,Royal Inn,Austin,13,293.14,3810.88,2023-12-24
827,245,Plaza Hotel,Charlotte,10,401.76,4017.57,2023-11-17
828,341,Park Hyatt,Columbus,13,366.39,4763.02,2024-05-23
829,104,Hilton,Atlanta,10,374.84,3748.36,2023-07-06
830,467,Comfort Suites,Seattle,7,346.56,2425.9,2023-08-03
831,178,Plaza Hotel,Charlotte,10,391.25,3912.54,2024-02-29
832,376,Holiday Inn,Columbus,5,157.69,788.47,2024-05-24
833,485,Ramada,Fort Worth,6,413.81,2482.87,2023-06-13
834,372,Hilton,Philadelphia,6,318.24,1909.44,2023-01-18
835,259,Best Western,Denver,2,452.05,904.09,2023-12-24
836,14,Comfort Suites,Charlotte,2,139.54,279.08,2024-09-11
837,129,Westin,Fort Worth,1,354.73,354.73,2024-08-09
838,337,Royal Inn,Jacksonville,3,143.38,430.15,2023-10-20
839,311,Plaza Hotel,Phoenix,2,215.48,430.97,2024-02-25
840,391,Marriott,Austin,1,143.69,143.69,2023-11-22
841,273,Hilton,Phoenix,13,359.23,4670.03,2024-08-18
842,200,Radisson,Los Angeles,4,263.07,1052.3,2024-04-19
843,476,Hilton,Seattle,12,421.19,5054.31,2024-10-23
844,173,Radisson,San Diego,3,427.2,1281.6,2023-10-31
845,371,Hilton,Chicago,13,480.66,6248.6,2023-02-13
846,98,Park Hyatt,Charlotte,7,111.92,783.43,2024-11-10
847,166,Radisson,Miami,10,296.04,2960.36,2024-10-23
848,34,Plaza Hotel,Columbus,9,222.65,2003.85,2023-07-19
849,256,Best Western,Fort Worth,12,124.93,1499.12,2024-11-01
850,357,Park Hyatt,Atlanta,13,437.56,5688.28,2023-02-14
851,172,Westin,Jacksonville,10,304.46,3044.62,2023-08-18
852,301,Royal Inn,Miami,14,145.95,2043.36,2024-10-19
853,318,Crown Plaza,Dallas,3,437.21,1311.63,2023-04-07
854,329,Westin,Philadelphia,3,408.49,1225.46,2024-01-17
855,267,Westin,Seattle,5,294.77,1473.86,2023-04-26
856,106,Best Western,San Jose,6,306.1,1836.58,2024-03-21
857,94,Park Hyatt,Dallas,7,305.03,2135.21,2024-02-16
858,481,Royal Inn,Houston,1,123.67,123.67,2024-08-19
859,260,Best Western,Chicago,9,217.22,1954.99,2024-07-23
860,311,InterContinental,Seattle,1,243.57,243.57,2023-11-09
861,41,Grand Hotel,Austin,3,431.61,1294.84,2024-11-20
862,390,Sheraton,Columbus,1,413.74,413.74,2023-07-01
863,305,Holiday Inn,New York,9,464.54,4180.84,2024-05-24
864,146,Crown Plaza,Miami,11,300.26,3302.81,2023-09-08
865,470,Radisson,Seattle,6,298.73,1792.37,2024-02-02
866,497,Westin,Los Angeles,7,198.34,1388.4,2024-02-13
867,454,Sheraton,Columbus,5,405.53,2027.65,2023-05-02
868,395,Park Hyatt,Columbus,7,384.17,2689.21,2023-08-11
869,334,Comfort Suites,Boston,11,155.72,1712.95,2024-09-17
870,362,Comfort Suites,San Diego,12,470.67,5648.02,2023-05-29
871,309,Park Hyatt,Philadelphia,2,161.19,322.38,2023-01-18
872,362,Comfort Suites,New York,12,106.86,1282.38,2023-10-19
873,155,InterContinental,Boston,10,186.23,1862.33,2023-08-11
874,56,Best Western,Fort Worth,2,198.19,396.38,2024-05-12
875,358,Crown Plaza,Jacksonville,10,404.44,4044.44,2024-12-17
876,269,Holiday Inn,San Antonio,2,117.82,235.64,2024-09-21
877,250,Sheraton,Charlotte,3,426.66,1279.98,2024-02-21
878,415,Park Hyatt,Houston,10,329.51,3295.06,2024-09-19
879,86,Radisson,San Jose,10,370.07,3700.75,2023-04-09
880,121,Royal Inn,Chicago,3,295.75,887.25,2023-07-23
881,299,Plaza Hotel,Houston,12,310.81,3729.75,2023-02-28
882,493,Westin,Phoenix,7,257.34,1801.41,2023-01-22
883,456,Grand Hotel,Denver,12,392.95,4715.44,2024-12-24
884,448,Westin,San Diego,1,82.26,82.26,2023-07-21
885,14,Best Western,New York,3,306.48,919.44,2023-07-18
886,446,Grand Hotel,Boston,7,159.19,1114.34,2023-04-09
887,9,InterContinental,Columbus,6,345.36,2072.16,2023-12-01
888,205,Ramada,Los Angeles,3,193.46,580.39,2024-06-26
889,338,Ramada,Chicago,4,310.93,1243.72,2023-01-02
890,402,Ramada,Columbus,6,312.32,1873.94,2023-06-15
891,281,Comfort Suites,Los Angeles,7,433.83,3036.81,2024-09-22
892,109,Grand Hotel,Philadelphia,11,406.91,4475.99,2024-09-18
893,393,Westin,Phoenix,1,269.46,269.46,2024-06-30
894,70,InterContinental,San Jose,7,148.89,1042.2,2024-04-13
895,34,Comfort Suites,Chicago,7,472.1,3304.67,2023-08-21
896,414,Ramada,Columbus,14,313.44,4388.16,2023-07-31
897,480,Radisson,San Jose,14,290.67,4069.42,2024-01-30
898,378,Plaza Hotel,Atlanta,13,450.76,5859.89,2023-07-28
899,164,Best Western,Los Angeles,14,283.13,3963.87,2023-03-27
900,162,Best Western,Phoenix,6,346.7,2080.2,2024-10-08
901,435,Comfort Suites,San Diego,13,395.02,5135.23,2024-02-17
902,294,Hilton,Jacksonville,7,271.05,1897.33,2023-09-11
903,424,Grand Hotel,Denver,9,207.98,1871.78,2023-04-22
904,373,Best Western,Dallas,2,159.75,319.49,2024-11-10
905,179,Westin,Philadelphia,13,145.88,1896.41,2023-08-20
906,359,Best Western,Columbus,10,143.99,1439.89,2024-11-20
907,436,Marriott,Fort Worth,14,293.4,4107.64,2023-08-18
908,150,Westin,Seattle,3,273.66,820.97,2024-09-06
909,53,Marriott,San Diego,14,106.59,1492.21,2024-05-03
910,92,Grand Hotel,Columbus,12,473.92,5686.99,2024-12-18
911,370,Holiday Inn,Boston,7,480.12,3360.84,2024-05-08
912,489,Hilton,Los Angeles,7,119.89,839.22,2023-02-14
913,6,Crown Plaza,Chicago,13,344.24,4475.16,2024-01-15
914,12,Ramada,Chicago,10,150.16,1501.6,2024-10-12
915,93,Crown Plaza,Atlanta,9,299.51,2695.6,2024-10-31
916,95,Sheraton,Columbus,5,183.89,919.46,2023-03-18
917,266,Hilton,Columbus,3,276.18,828.53,2024-03-31
918,460,Westin,Boston,2,273.47,546.94,2024-05-30
919,295,Hilton,San Antonio,2,227.98,455.97,2024-08-30
920,260,Plaza Hotel,Chicago,10,438.36,4383.56,2024-10-20
921,154,Radisson,Miami,9,370.97,3338.71,2023-12-25
922,161,Grand Hotel,San Jose,8,154.84,1238.74,2024-11-22
923,122,Westin,Miami,12,425.2,5102.42,2023-06-04
924,303,Crown Plaza,Phoenix,7,238.29,1668.0,2024-12-13
925,333,Sheraton,Phoenix,7,304.22,2129.57,2023-06-24
926,275,Comfort Suites,Seattle,14,228.64,3200.94,2023-04-07
927,421,Sheraton,San Jose,6,268.25,1609.51,2023-11-12
928,14,Marriott,Philadelphia,9,329.13,2962.21,2023-06-16
929,34,Radisson,Chicago,6,173.88,1043.26,2023-10-07
930,6,InterContinental,Fort Worth,7,343.88,2407.13,2023-01-10
931,373,Sheraton,San Diego,8,390.03,3120.27,2023-05-20
932,283,Park Hyatt,Seattle,14,335.29,4694.04,2024-03-31
933,177,Hilton,Houston,11,279.58,3075.33,2024-09-24
934,352,Royal Inn,Miami,7,327.91,2295.38,2023-11-08
935,499,Hilton,Philadelphia,13,263.91,3430.79,2024-09-25
936,258,Best Western,Charlotte,8,89.07,712.55,2023-01-04
937,209,Radisson,Charlotte,13,330.02,4290.28,2023-11-11
938,85,Marriott,Chicago,11,289.17,3180.9,2024-07-26
939,493,Park Hyatt,Houston,11,339.48,3734.27,2024-08-07
940,358,Plaza Hotel,Phoenix,7,195.84,1370.85,2024-06-05
941,360,Crown Plaza,New York,13,335.47,4361.11,2024-05-31
942,494,Plaza Hotel,San Diego,5,127.27,636.34,2024-04-18
943,488,Radisson,San Diego,5,432.34,2161.68,2024-06-15
944,128,Best Western,Denver,6,166.63,999.77,2024-08-18
945,378,Park Hyatt,Houston,13,303.95,3951.37,2024-01-25
946,423,Park Hyatt,Fort Worth,13,325.4,4230.17,2023-01-29
947,182,Comfort Suites,Denver,5,212.74,1063.68,2024-09-11
948,252,Ramada,Fort Worth,11,348.8,3836.84,2024-02-08
949,80,Royal Inn,Boston,1,217.2,217.2,2023-06-25
950,275,Comfort Suites,San Diego,14,452.8,6339.26,2023-02-02
951,3,Grand Hotel,Houston,7,138.61,970.25,2024-04-14
952,462,Sheraton,Houston,7,248.09,1736.63,2024-07-20
953,410,Comfort Suites,San Diego,1,87.59,87.59,2024-07-11
954,68,Marriott,Jacksonville,5,304.55,1522.75,2023-09-16
955,122,Grand Hotel,New York,9,123.84,1114.54,2023-08-15
956,43,Best Western,Charlotte,9,448.45,4036.04,2024-08-09
957,393,Marriott,San Diego,4,447.47,1789.89,2023-02-12
958,359,Best Western,San Diego,8,208.15,1665.21,2024-07-07
959,141,Park Hyatt,Philadelphia,4,339.92,1359.68,2024-04-30
960,269,Best Western,Charlotte,14,438.94,6145.11,2023-04-19
961,27,Grand Hotel,Dallas,6,254.72,1528.3,2023-08-31
962,164,InterContinental,San Jose,3,468.69,1406.07,2024-04-02
963,242,Grand Hotel,Los Angeles,6,464.38,2786.3,2023-02-18
964,156,Westin,Houston,4,99.29,397.15,2023-12-20
965,381,Royal Inn,New York,7,399.1,2793.73,2024-02-17
966,197,Marriott,Denver,10,453.21,4532.14,2024-09-02
967,419,Hilton,Philadelphia,11,165.39,1819.27,2024-01-02
968,372,InterContinental,Seattle,5,120.78,603.89,2023-09-25
969,365,Best Western,Miami,10,160.46,1604.64,2024-03-24
970,35,Hilton,Jacksonville,11,434.76,4782.38,2023-10-29
971,149,InterContinental,Boston,8,319.18,2553.46,2024-05-29
972,273,Radisson,Los Angeles,8,463.87,3710.97,2023-01-20
973,206,Hilton,Chicago,2,302.94,605.89,2023-06-15
974,5,Royal Inn,San Antonio,11,417.53,4592.84,2023-02-01
975,363,Marriott,Charlotte,11,395.05,4345.56,2024-03-13
976,328,Park Hyatt,Houston,12,131.61,1579.29,2023-08-25
977,274,Comfort Suites,Phoenix,5,207.27,1036.33,2023-09-16
978,136,Hilton,Fort Worth,10,330.03,3300.29,2023-02-14
979,422,Hilton,Charlotte,8,195.19,1561.51,2023-12-18
980,55,Crown Plaza,San Jose,9,459.0,4131.02,2024-02-15
981,105,Hilton,Dallas,6,149.23,895.38,2023-02-09
982,462,Royal Inn,Phoenix,3,410.71,1232.12,2023-05-10
983,292,Sheraton,Denver,6,462.27,2773.61,2024-09-17
984,352,Marriott,Austin,7,446.34,3124.39,2023-05-21
985,497,Crown Plaza,Chicago,7,402.61,2818.27,2023-07-08
986,57,Marriott,Boston,3,132.45,397.35,2023-01-09
987,308,Radisson,Chicago,4,170.49,681.96,2024-10-12
988,246,Park Hyatt,Phoenix,11,203.86,2242.42,2023-01-31
989,279,Park Hyatt,Charlotte,8,209.07,1672.54,2024-02-03
990,53,Marriott,Miami,9,201.2,1810.81,2023-11-30
991,181,Marriott,Phoenix,10,173.59,1735.92,2024-03-23
992,252,Best Western,San Diego,3,120.48,361.45,2023-08-26
993,185,Crown Plaza,Dallas,4,211.27,845.07,2024-05-15
994,218,Marriott,Philadelphia,2,487.17,974.34,2023-10-22
995,478,Comfort Suites,Austin,12,226.03,2712.4,2023-04-15
996,418,Grand Hotel,New York,12,428.14,5137.65,2024-09-02
997,94,Comfort Suites,Atlanta,1,391.23,391.23,2024-02-08
998,309,Ramada,Jacksonville,11,157.63,1733.94,2023-04-04
999,274,Plaza Hotel,Phoenix,14,108.56,1519.78,2024-04-28
1000,296,Holiday Inn,Miami,13,348.84,4534.91,2024-10-10
1001,186,Best Western,Chicago,8,145.96,1167.7,2023-10-05
1002,151,Sheraton,Phoenix,11,309.14,3400.57,2023-09-10
1003,61,Radisson,Miami,6,313.39,1880.33,2024-12-30
1004,360,Comfort Suites,Columbus,6,312.74,1876.44,2023-06-25
1005,126,Radisson,Chicago,10,360.81,3608.09,2023-06-24
1006,384,Crown Plaza,Atlanta,14,225.44,3156.1,2024-12-30
1007,147,Best Western,Denver,6,122.59,735.54,2023-04-29
1008,6,Royal Inn,Los Angeles,6,285.49,1712.92,2024-09-21
1009,117,Ramada,Seattle,8,107.96,863.64,2023-12-11
1010,206,Grand Hotel,San Jose,1,302.22,302.22,2024-10-14
1011,431,Park Hyatt,Dallas,6,209.58,1257.45,2023-04-05
1012,332,Holiday Inn,Denver,8,270.73,2165.8,2023-10-03
1013,15,Plaza Hotel,San Jose,4,401.17,1604.67,2024-10-15
1014,97,Holiday Inn,Philadelphia,6,404.4,2426.39,2023-11-01
1015,289,Royal Inn,Los Angeles,14,302.15,4230.08,2023-10-30
1016,385,Royal Inn,Los Angeles,14,411.58,5762.09,2024-04-17
1017,360,InterContinental,Boston,6,323.84,1943.06,2024-12-20
1018,13,Park Hyatt,Jacksonville,10,272.97,2729.74,2023-09-24
1019,41,Grand Hotel,Denver,14,458.55,6419.66,2023-07-28
1020,265,Best Western,Dallas,6,177.17,1063.05,2024-06-06
1021,320,Best Western,Denver,1,173.34,173.34,2023-05-08
1022,39,Westin,Los Angeles,4,256.94,1027.76,2023-03-12
1023,445,Best Western,Seattle,4,180.65,722.61,2024-10-21
1024,35,Ramada,Denver,10,491.77,4917.69,2024-03-13
1025,133,Best Western,Jacksonville,1,295.45,295.45,2024-06-02
1026,21,Royal Inn,Seattle,3,421.08,1263.23,2024-07-24
1027,488,Best Western,Columbus,6,413.65,2481.9,2024-05-06
1028,22,Crown Plaza,Chicago,8,162.45,1299.57,2023-10-20
1029,82,Radisson,Dallas,9,262.61,2363.52,2023-11-20
1030,239,Holiday Inn,Chicago,2,211.65,423.31,2023-05-06
1031,394,Crown Plaza,Charlotte,12,208.41,2500.88,2023-12-01
1032,109,Westin,Columbus,11,169.34,1862.71,2023-12-02
1033,75,Grand Hotel,Houston,4,282.7,1130.82,2024-06-08
1034,480,Marriott,Jacksonville,2,294.99,589.98,2023-04-20
1035,217,Park Hyatt,Charlotte,7,367.93,2575.54,2023-07-12
1036,448,Royal Inn,Philadelphia,5,445.13,2225.65,2024-05-23
1037,48,Ramada,Columbus,12,281.26,3375.12,2024-01-23
1038,275,Sheraton,San Jose,3,328.85,986.54,2024-02-12
1039,102,Plaza Hotel,Charlotte,2,494.51,989.03,2023-08-18
1040,256,Sheraton,Phoenix,14,246.34,3448.8,2024-08-24
1041,483,Radisson,Houston,10,187.92,1879.2,2024-01-21
1042,216,Grand Hotel,Seattle,13,260.6,3387.86,2023-12-16
1043,498,InterContinental,Philadelphia,10,326.77,3267.68,2024-08-22
1044,420,Grand Hotel,New York,1,369.59,369.59,2023-04-25
1045,219,Holiday Inn,Denver,9,330.14,2971.28,2023-12-15
1046,84,Ramada,Houston,4,322.52,1290.1,2024-06-28
1047,45,Westin,Fort Worth,4,429.72,1718.87,2024-12-01
1048,384,Royal Inn,Chicago,6,148.76,892.59,2024-12-22
1049,149,Best Western,Boston,9,329.67,2967.02,2024-11-10
1050,487,Radisson,San Antonio,5,459.93,2299.66,2023-06-24
1051,260,InterContinental,Seattle,5,243.74,1218.71,2024-06-10
1052,17,Sheraton,San Jose,9,204.97,1844.7,2024-11-17
1053,88,Holiday Inn,Philadelphia,12,272.28,3267.42,2024-01-15
1054,411,Crown Plaza,San Diego,3,315.64,946.91,2024-01-15
1055,265,Radisson,Phoenix,13,453.73,5898.49,2023-12-03
1056,432,Comfort Suites,San Diego,12,319.83,3837.91,2024-06-16
1057,6,Grand Hotel,Miami,9,391.6,3524.37,2024-08-29
1058,13,Westin,Phoenix,3,140.25,420.76,2024-03-27
1059,153,Sheraton,Seattle,10,274.36,2743.6,2024-07-05
1060,43,Crown Plaza,San Diego,11,456.82,5025.04,2024-10-08
1061,73,Best Western,Atlanta,2,424.4,848.8,2023-11-03
1062,201,Ramada,Philadelphia,9,158.76,1428.87,2024-09-15
1063,352,Holiday Inn,New York,14,269.78,3776.9,2023-03-25
1064,463,Best Western,Austin,1,469.02,469.02,2024-08-17
1065,308,Ramada,Los Angeles,5,464.68,2323.4,2023-09-26
1066,275,InterContinental,San Antonio,6,420.57,2523.43,2023-09-30
1067,16,Best Western,Boston,4,258.69,1034.76,2023-06-13
1068,179,Royal Inn,Dallas,7,492.46,3447.21,2023-04-18
1069,129,Grand Hotel,San Jose,3,384.97,1154.91,2024-10-15
1070,85,InterContinental,San Jose,4,301.83,1207.31,2023-12-16
1071,319,InterContinental,Denver,7,436.55,3055.83,2023-04-27
1072,420,Holiday Inn,Fort Worth,2,322.81,645.62,2024-09-16
1073,424,Ramada,Philadelphia,14,306.28,4287.97,2023-10-09
1074,405,Westin,Jacksonville,6,322.1,1932.62,2023-01-24
1075,63,Radisson,San Diego,13,339.22,4409.89,2024-08-09
1076,461,Holiday Inn,New York,14,150.11,2101.51,2023-04-18
1077,288,Marriott,Chicago,8,322.38,2579.03,2024-01-15
1078,102,Ramada,Chicago,3,315.32,945.95,2024-03-11
1079,232,Crown Plaza,Denver,7,325.78,2280.49,2023-08-15
1080,330,Crown Plaza,Austin,13,236.94,3080.23,2024-10-05
1081,459,Best Western,New York,11,211.49,2326.43,2024-05-31
1082,371,Westin,Los Angeles,13,88.68,1152.84,2024-04-20
1083,314,Marriott,Jacksonville,1,402.9,402.9,2024-11-15
1084,432,Grand Hotel,San Jose,4,133.15,532.58,2024-02-09
1085,166,Sheraton,Houston,12,392.65,4711.84,2023-05-05
1086,418,Grand Hotel,San Diego,4,410.65,1642.6,2023-03-23
1087,136,Comfort Suites,Chicago,4,482.58,1930.32,2024-06-29
1088,65,Park Hyatt,Fort Worth,14,320.87,4492.21,2024-04-30
1089,296,Marriott,Atlanta,3,351.45,1054.36,2023-11-19
1090,365,Grand Hotel,Dallas,2,182.21,364.41,2024-03-12
1091,31,Marriott,Miami,10,104.81,1048.1,2024-06-27
1092,417,Crown Plaza,San Diego,14,304.7,4265.87,2023-04-14
1093,55,Park Hyatt,Boston,9,381.22,3430.94,2023-02-13
1094,97,Park Hyatt,Fort Worth,6,105.62,633.71,2023-05-19
1095,76,Hilton,Charlotte,4,380.15,1520.58,2023-07-31
1096,244,InterContinental,Phoenix,2,460.43,920.85,2024-12-14
1097,221,Hilton,Charlotte,13,302.99,3938.88,2023-07-30
1098,190,Royal Inn,Columbus,13,248.86,3235.23,2024-03-26
1099,305,Westin,Columbus,4,369.89,1479.55,2024-06-05
1100,491,Plaza Hotel,Seattle,10,248.4,2483.96,2023-09-09
1101,52,Grand Hotel,Houston,6,181.64,1089.83,2024-09-25
1102,138,Best Western,Columbus,12,82.99,995.86,2023-12-08
1103,376,Royal Inn,Philadelphia,6,489.68,2938.08,2024-03-16
1104,123,Holiday Inn,San Antonio,6,345.81,2074.83,2023-10-26
1105,342,Marriott,Chicago,11,183.45,2017.95,2024-10-28
1106,348,Plaza Hotel,Austin,14,242.05,3388.7,2024-01-20
1107,24,Marriott,Fort Worth,10,284.68,2846.84,2023-07-10
1108,387,Royal Inn,Atlanta,6,411.74,2470.43,2023-04-29
1109,132,Radisson,Phoenix,7,201.87,1413.12,2024-02-07
1110,171,Crown Plaza,Dallas,10,97.89,978.87,2023-05-18
1111,76,Holiday Inn,Seattle,9,462.63,4163.63,2024-04-27
1112,499,Best Western,Phoenix,3,271.91,815.74,2023-06-12
1113,56,Hilton,San Antonio,10,257.17,2571.66,2024-10-27
1114,201,Park Hyatt,Charlotte,7,81.97,573.78,2023-09-13
1115,428,InterContinental,Dallas,3,298.92,896.76,2024-01-22
1116,475,Radisson,Charlotte,5,187.7,938.49,2024-12-22
1117,341,Sheraton,Seattle,7,112.15,785.04,2023-04-18
1118,112,Radisson,Denver,12,273.97,3287.61,2023-11-28
1119,428,Ramada,Houston,4,220.6,882.4,2024-10-12
1120,341,Grand Hotel,San Jose,5,252.03,1260.15,2023-09-29
1121,300,Plaza Hotel,Phoenix,6,484.6,2907.6,2023-02-08
1122,327,Comfort Suites,San Diego,11,315.29,3468.2,2023-01-02
1123,289,Park Hyatt,Fort Worth,8,491.65,3933.23,2023-01-09
1124,155,Hilton,Atlanta,3,284.37,853.12,2023-08-02
1125,50,Crown Plaza,Austin,3,472.12,1416.37,2024-06-05
1126,240,Radisson,Charlotte,2,190.58,381.17,2023-09-23
1127,491,InterContinental,Seattle,5,270.38,1351.9,2024-06-25
1128,66,InterContinental,Chicago,10,176.57,1765.65,2023-11-21
1129,344,Hilton,Atlanta,4,469.16,1876.63,2024-08-12
1130,55,Holiday Inn,Boston,10,414.86,4148.61,2024-03-04
1131,380,Crown Plaza,Houston,7,189.25,1324.78,2024-11-06
1132,70,Ramada,Los Angeles,10,343.21,3432.12,2024-12-09
1133,320,Best Western,Austin,1,319.26,319.26,2023-06-27
1134,50,Sheraton,Houston,9,400.68,3606.15,2023-10-12
1135,475,Crown Plaza,Houston,9,270.82,2437.42,2023-10-04
1136,134,Royal Inn,Columbus,6,396.85,2381.08,2023-12-26
1137,73,Best Western,Charlotte,14,376.9,5276.64,2023-12-03
1138,342,Crown Plaza,Philadelphia,12,454.96,5459.49,2023-05-20
1139,238,Ramada,Seattle,8,131.78,1054.24,2023-09-30
1140,298,InterContinental,Phoenix,4,88.93,355.74,2024-03-11
1141,142,InterContinental,Seattle,9,483.14,4348.25,2023-05-03
1142,200,InterContinental,Fort Worth,2,398.17,796.35,2023-10-05
1143,236,Plaza Hotel,San Antonio,12,401.58,4818.96,2023-02-05
1144,248,Best Western,San Jose,5,477.79,2388.93,2024-08-27
1145,358,Best Western,Philadelphia,13,299.54,3894.04,2023-03-08
1146,119,Holiday Inn,Atlanta,8,166.33,1330.64,2024-04-26
1147,54,Plaza Hotel,Denver,11,393.91,4333.05,2024-06-08
1148,227,Park Hyatt,Charlotte,12,178.3,2139.54,2024-02-19
1149,327,Crown Plaza,New York,13,279.46,3632.93,2023-01-15
1150,104,Sheraton,San Antonio,5,119.6,598.02,2023-01-09
1151,50,Marriott,Charlotte,1,341.53,341.53,2023-04-26
1152,175,Crown Plaza,Philadelphia,4,295.31,1181.25,2024-10-14
1153,183,Best Western,Seattle,7,487.12,3409.81,2023-07-10
1154,292,Park Hyatt,Phoenix,3,246.28,738.83,2023-12-24
1155,277,Ramada,Boston,13,150.08,1951.05,2023-02-10
1156,496,Crown Plaza,Dallas,5,108.48,542.42,2023-06-24
1157,160,Sheraton,Miami,14,177.71,2487.95,2023-03-29
1158,335,Holiday Inn,Los Angeles,1,384.15,384.15,2023-12-31
1159,72,InterContinental,Jacksonville,8,136.26,1090.07,2023-10-02
1160,464,Westin,Austin,5,107.84,539.2,2023-02-27
1161,455,Crown Plaza,Fort Worth,12,287.79,3453.53,2024-08-28
1162,333,Plaza Hotel,Phoenix,12,194.29,2331.44,2024-08-01
1163,274,Crown Plaza,Denver,3,193.7,581.11,2023-09-03
1164,65,Sheraton,New York,9,350.16,3151.47,2023-03-02
1165,181,Royal Inn,Miami,8,380.13,3041.01,2023-11-13
1166,212,InterContinental,Charlotte,11,467.91,5147.02,2023-05-28
1167,40,Grand Hotel,Atlanta,5,308.47,1542.37,2024-04-21
1168,456,Holiday Inn,Seattle,10,386.68,3866.8,2024-07-25
1169,40,Crown Plaza,Phoenix,3,392.65,1177.96,2023-09-19
1170,366,Comfort Suites,San Antonio,10,250.89,2508.87,2023-07-07
1171,278,Crown Plaza,Miami,6,112.81,676.88,2024-05-22
1172,41,Park Hyatt,Los Angeles,5,413.25,2066.25,2023-07-09
1173,372,Radisson,Boston,1,191.31,191.31,2024-12-11
1174,11,Royal Inn,Los Angeles,11,169.87,1868.61,2024-03-05
1175,143,Grand Hotel,San Jose,2,304.1,608.2,2024-09-28
1176,115,Best Western,Fort Worth,1,160.82,160.82,2024-01-27
1177,278,Plaza Hotel,Philadelphia,7,121.67,851.7,2024-01-26
1178,111,Best Western,New York,1,279.45,279.45,2023-06-02
1179,414,Comfort Suites,Jacksonville,7,268.43,1879.03,2024-10-30
1180,218,InterContinental,Fort Worth,1,472.39,472.39,2023-06-05
1181,68,InterContinental,Denver,1,93.35,93.35,2023-12-10
1182,203,Westin,San Jose,13,179.31,2330.99,2024-02-29
1183,7,Plaza Hotel,Dallas,3,109.43,328.3,2024-01-05
1184,237,Grand Hotel,Atlanta,7,482.54,3377.8,2024-08-20
1185,112,Sheraton,New York,1,222.36,222.36,2024-05-02
1186,226,Holiday Inn,Atlanta,6,92.61,555.66,2023-04-09
1187,447,Grand Hotel,San Jose,4,137.36,549.42,2024-07-30
1188,297,Sheraton,Dallas,1,415.38,415.38,2023-08-10
1189,500,Radisson,Miami,8,117.58,940.64,2023-02-05
1190,260,Royal Inn,Fort Worth,8,152.1,1216.79,2023-04-06
1191,213,Sheraton,Boston,4,307.03,1228.1,2024-01-25
1192,500,Ramada,San Jose,1,392.16,392.16,2024-04-28
1193,467,Comfort Suites,Denver,2,355.14,710.27,2024-05-22
1194,402,Marriott,Phoenix,3,130.38,391.14,2023-09-17
1195,41,Westin,San Antonio,14,467.26,6541.65,2023-10-14
1196,434,Royal Inn,Atlanta,7,412.79,2889.5,2024-05-22
1197,429,Holiday Inn,Denver,10,150.22,1502.17,2023-03-12
1198,234,Park Hyatt,San Diego,14,82.64,1156.98,2023-09-20
1199,40,Crown Plaza,Dallas,4,250.97,1003.86,2023-05-29
1200,474,Crown Plaza,San Diego,4,399.02,1596.09,2023-10-28
1201,161,Comfort Suites,Charlotte,13,470.88,6121.48,2023-05-15
1202,452,Hilton,Charlotte,6,140.57,843.45,2024-10-25
1203,365,Plaza Hotel,Philadelphia,1,140.51,140.51,2023-07-05
1204,68,Comfort Suites,Philadelphia,10,193.35,1933.49,2023-03-26
1205,365,Westin,Fort Worth,12,463.82,5565.87,2024-11-11
1206,487,Westin,Jacksonville,1,325.0,325.0,2023-11-09
1207,376,Ramada,Seattle,14,267.35,3742.94,2024-04-30
1208,346,Plaza Hotel,Denver,3,237.85,713.54,2023-01-24
1209,484,Radisson,Fort Worth,11,156.71,1723.76,2024-10-18
1210,297,Ramada,Dallas,6,212.64,1275.83,2023-08-19
1211,22,Radisson,San Jose,3,277.54,832.61,2023-03-22
1212,178,Westin,Charlotte,8,333.12,2665.0,2023-11-04
1213,148,Comfort Suites,Houston,9,90.12,811.12,2024-11-24
1214,387,Marriott,Houston,5,478.17,2390.84,2024-12-09
1215,190,Hilton,Chicago,10,306.82,3068.21,2023-04-25
1216,471,Sheraton,Atlanta,1,135.19,135.19,2023-04-19
1217,375,Sheraton,Seattle,11,126.38,1390.23,2024-07-03
1218,172,Best Western,Fort Worth,14,118.19,1654.6,2024-03-16
1219,222,Park Hyatt,Boston,7,497.21,3480.5,2024-12-20
1220,71,Ramada,Austin,12,334.79,4017.52,2024-07-02
1221,376,Hilton,San Diego,7,187.23,1310.58,2024-07-23
1222,2,Radisson,Phoenix,13,449.1,5838.29,2024-06-10
1223,135,Hilton,Denver,7,133.3,933.09,2024-04-19
1224,450,Best Western,Atlanta,1,461.3,461.3,2024-05-27
1225,183,Grand Hotel,Austin,5,211.02,1055.12,2023-09-23
1226,215,Crown Plaza,San Jose,9,394.66,3551.98,2024-03-24
1227,339,Sheraton,San Diego,11,314.15,3455.6,2023-04-01
1228,308,Park Hyatt,Columbus,2,320.19,640.39,2024-05-17
1229,32,Royal Inn,New York,10,435.48,4354.76,2023-05-14
1230,205,Hilton,Dallas,7,206.33,1444.28,2023-02-21
1231,230,Ramada,San Jose,10,389.53,3895.3,2024-06-25
1232,313,Hilton,Atlanta,14,402.78,5638.99,2023-07-26
1233,171,Comfort Suites,Miami,10,484.02,4840.18,2024-10-02
1234,81,Plaza Hotel,Chicago,14,162.9,2280.6,2023-11-30
1235,170,Hilton,Fort Worth,5,306.94,1534.7,2024-06-06
1236,387,Best Western,Miami,5,268.6,1343.0,2023-02-10
1237,118,Best Western,Boston,3,129.25,387.76,2024-08-10
1238,68,Comfort Suites,Los Angeles,7,213.8,1496.57,2024-03-18
1239,11,Comfort Suites,Chicago,3,380.05,1140.16,2023-01-10
1240,402,Westin,Phoenix,2,499.11,998.21,2023-07-24
1241,136,Crown Plaza,Boston,12,286.5,3438.01,2023-06-01
1242,288,Grand Hotel,Seattle,1,230.9,230.9,2023-12-03
1243,373,Grand Hotel,San Jose,4,399.77,1599.09,2023-01-03
1244,204,Hilton,Miami,1,87.63,87.63,2024-06-15
1245,74,Holiday Inn,Seattle,4,413.18,1652.71,2024-02-17
1246,128,Grand Hotel,Phoenix,4,329.37,1317.49,2024-09-18
1247,31,InterContinental,Columbus,1,296.79,296.79,2024-08-08
1248,165,Royal Inn,Dallas,13,318.61,4141.98,2023-04-03
1249,280,Grand Hotel,Columbus,5,130.03,650.13,2023-01-03
1250,472,Hilton,San Diego,10,481.08,4810.77,2023-04-05
1251,86,Comfort Suites,Chicago,10,396.25,3962.47,2024-10-04
1252,250,Holiday Inn,Houston,14,178.74,2502.37,2024-12-02
1253,369,Radisson,Columbus,4,472.2,1888.82,2024-08-18
1254,268,Westin,Boston,9,476.93,4292.37,2024-08-14
1255,475,Grand Hotel,Fort Worth,8,390.81,3126.44,2024-09-24
1256,241,Park Hyatt,San Antonio,7,83.74,586.18,2023-12-11
1257,170,Crown Plaza,Austin,9,495.38,4458.39,2023-03-26
1258,177,Holiday Inn,Seattle,14,462.09,6469.28,2024-03-11
1259,374,Grand Hotel,San Diego,5,243.17,1215.87,2023-02-11
1260,79,Best Western,Columbus,1,466.97,466.97,2024-08-26
1261,301,Hilton,San Jose,5,367.4,1837.02,2023-09-13
1262,343,Holiday Inn,Austin,2,453.93,907.87,2023-09-08
1263,76,Ramada,Philadelphia,2,470.42,940.84,2024-06-19
1264,262,Sheraton,Denver,2,213.7,427.41,2024-11-09
1265,124,Park Hyatt,Columbus,9,351.22,3160.98,2024-12-11
1266,272,InterContinental,Columbus,6,290.52,1743.15,2024-08-10
1267,227,Plaza Hotel,San Antonio,5,143.03,715.17,2023-01-19
1268,438,Grand Hotel,Houston,11,189.11,2080.16,2024-11-11
1269,101,InterContinental,Charlotte,2,232.47,464.94,2023-11-28
1270,469,Grand Hotel,Boston,4,196.65,786.59,2024-02-25
1271,204,Sheraton,New York,8,215.09,1720.75,2024-08-11
1272,312,Ramada,San Jose,10,185.16,1851.61,2024-08-18
1273,414,Hilton,Denver,12,194.8,2337.62,2024-02-19
1274,43,Royal Inn,Fort Worth,8,142.27,1138.19,2023-02-24
1275,437,Ramada,Los Angeles,1,311.23,311.23,2023-10-01
1276,370,Westin,New York,11,382.83,4211.1,2023-05-23
1277,34,Westin,New York,13,306.41,3983.35,2023-04-04
1278,312,Radisson,Phoenix,9,143.93,1295.34,2023-05-22
1279,175,Ramada,Columbus,4,295.6,1182.41,2024-09-02
1280,374,Comfort Suites,Chicago,13,201.37,2617.86,2023-01-02
1281,327,Marriott,Jacksonville,7,139.11,973.77,2024-06-27
1282,383,Park Hyatt,Chicago,9,452.64,4073.78,2024-05-23
1283,290,Holiday Inn,Austin,12,216.4,2596.8,2023-05-20
1284,133,Radisson,San Diego,4,411.66,1646.64,2024-01-03
1285,268,Ramada,Dallas,4,252.87,1011.46,2023-06-13
1286,223,Grand Hotel,Los Angeles,4,224.67,898.66,2024-04-10
1287,47,Sheraton,San Antonio,1,203.76,203.76,2023-06-13
1288,338,Comfort Suites,San Jose,2,496.85,993.69,2024-07-27
1289,338,Best Western,Denver,9,374.51,3370.61,2023-04-20
1290,82,Radisson,Jacksonville,2,368.38,736.76,2023-03-13
1291,240,Marriott,Austin,3,410.25,1230.74,2023-12-02
1292,243,Crown Plaza,New York,10,87.52,875.18,2024-11-12
1293,154,Grand Hotel,San Jose,7,128.06,896.4,2023-02-02
1294,206,Grand Hotel,Boston,8,332.68,2661.43,2023-08-13
1295,483,Grand Hotel,San Antonio,5,259.12,1295.59,2023-01-25
1296,497,Best Western,Atlanta,2,133.67,267.34,2023-09-06
1297,76,Royal Inn,Phoenix,3,272.48,817.43,2023-01-31
1298,47,Plaza Hotel,Austin,12,449.17,5390.05,2023-06-29
1299,242,Hilton,Phoenix,3,318.48,955.43,2024-10-04
1300,199,Grand Hotel,San Antonio,2,227.36,454.71,2023-05-09
1301,306,Westin,Phoenix,11,459.87,5058.56,2024-06-29
1302,114,Hilton,Chicago,6,84.84,509.05,2024-03-15
1303,307,Park Hyatt,Dallas,13,216.54,2815.06,2023-09-22
1304,155,Radisson,Chicago,7,384.67,2692.69,2023-11-09
1305,346,Hilton,Jacksonville,3,455.41,1366.23,2024-03-26
1306,428,Hilton,Los Angeles,4,437.89,1751.58,2023-11-04
1307,83,Sheraton,Chicago,14,485.89,6802.39,2023-04-20
1308,492,Marriott,Atlanta,2,219.82,439.63,2023-01-08
1309,310,Plaza Hotel,Charlotte,8,382.05,3056.44,2024-10-02
1310,58,Park Hyatt,Boston,12,209.83,2518.0,2023-06-02
1311,173,Royal Inn,Charlotte,4,226.88,907.53,2024-03-07
1312,223,Comfort Suites,Dallas,8,499.65,3997.22,2024-07-01
1313,456,Westin,San Jose,3,474.88,1424.65,2023-04-14
1314,278,Radisson,Dallas,11,133.01,1463.13,2024-04-14
1315,19,Best Western,Austin,3,245.58,736.74,2023-01-04
1316,44,InterContinental,Fort Worth,7,435.87,3051.07,2024-12-21
1317,177,InterContinental,Philadelphia,7,472.68,3308.75,2024-12-16
1318,191,Park Hyatt,San Diego,7,480.14,3360.95,2023-05-14
1319,384,Ramada,Houston,2,481.68,963.37,2024-09-28
1320,381,Crown Plaza,Fort Worth,8,451.23,3609.82,2024-02-23
1321,438,InterContinental,Houston,9,265.64,2390.75,2023-10-04
1322,383,Crown Plaza,Los Angeles,10,203.25,2032.5,2024-04-23
1323,146,Grand Hotel,San Jose,2,358.2,716.41,2024-08-15
1324,137,Grand Hotel,Charlotte,11,167.23,1839.54,2023-01-16
1325,33,InterContinental,Austin,7,489.49,3426.4,2023-04-22
1326,244,Holiday Inn,Seattle,9,207.39,1866.5,2024-08-02
1327,438,Plaza Hotel,Jacksonville,5,488.89,2444.46,2023-05-09
1328,339,Park Hyatt,San Antonio,6,442.92,2657.52,2023-08-03
1329,383,Ramada,Chicago,1,209.04,209.04,2024-03-05
1330,320,Comfort Suites,San Jose,12,396.64,4759.66,2024-07-14
1331,285,InterContinental,Fort Worth,2,143.34,286.69,2023-12-11
1332,50,Sheraton,San Diego,11,261.79,2879.65,2023-09-16
1333,282,Marriott,San Diego,12,395.51,4746.1,2023-06-17
1334,341,Grand Hotel,San Antonio,5,321.43,1607.15,2023-06-26
1335,388,InterContinental,Boston,7,357.17,2500.18,2023-10-11
1336,391,InterContinental,Seattle,5,349.98,1749.92,2023-04-01
1337,15,Sheraton,Houston,2,122.45,244.9,2024-12-28
1338,485,Best Western,Phoenix,8,405.13,3241.01,2024-07-13
1339,381,Plaza Hotel,San Diego,2,303.1,606.2,2024-04-19
1340,371,Plaza Hotel,Miami,1,440.01,440.01,2024-03-15
1341,106,Sheraton,Philadelphia,5,174.65,873.23,2024-11-24
1342,257,InterContinental,Seattle,13,200.75,2609.75,2024-05-29
1343,384,Best Western,Jacksonville,3,384.09,1152.26,2024-06-24
1344,453,Best Western,Boston,5,326.41,1632.04,2024-03-05
1345,150,Park Hyatt,Houston,1,497.09,497.09,2024-02-19
1346,226,Crown Plaza,Los Angeles,14,405.14,5671.89,2023-12-22
1347,370,Comfort Suites,Phoenix,2,422.95,845.91,2023-02-14
1348,108,Park Hyatt,Charlotte,2,147.62,295.24,2024-01-15
1349,388,Royal Inn,Jacksonville,4,355.73,1422.94,2023-10-13
1350,291,Crown Plaza,San Jose,13,385.01,5005.09,2023-09-11
1351,289,Grand Hotel,Los Angeles,1,129.75,129.75,2024-02-16
1352,226,Hilton,Austin,5,336.75,1683.73,2024-06-24
1353,132,Holiday Inn,Phoenix,1,425.99,425.99,2023-09-03
1354,370,Crown Plaza,New York,3,122.2,366.6,2024-10-19
1355,437,Plaza Hotel,Fort Worth,9,241.72,2175.49,2023-03-01
1356,446,Plaza Hotel,Boston,3,106.24,318.73,2024-12-16
1357,116,Crown Plaza,Philadelphia,2,329.76,659.53,2024-07-17
1358,333,Royal Inn,Dallas,10,341.62,3416.17,2023-02-20
1359,460,Grand Hotel,Denver,2,419.19,838.37,2023-02-03
1360,260,Crown Plaza,Fort Worth,4,205.08,820.33,2024-05-01
1361,229,Holiday Inn,Miami,2,181.09,362.19,2024-12-07
1362,440,InterContinental,San Diego,12,121.54,1458.46,2024-04-22
1363,47,InterContinental,Seattle,11,313.01,3443.06,2023-02-16
1364,300,InterContinental,Chicago,12,124.08,1489.01,2024-10-07
1365,405,InterContinental,Seattle,7,451.32,3159.27,2023-06-09
1366,278,InterContinental,San Diego,6,367.17,2203.03,2024-09-23
1367,369,Royal Inn,Denver,1,383.14,383.14,2023-09-22
1368,308,Holiday Inn,Atlanta,10,352.17,3521.66,2024-10-13
1369,154,Ramada,Philadelphia,14,300.03,4200.43,2024-01-09
1370,226,Plaza Hotel,San Diego,1,344.05,344.05,2023-03-20
1371,84,Best Western,Denver,8,223.1,1784.84,2023-12-12
1372,327,Holiday Inn,Charlotte,3,376.59,1129.77,2023-01-24
1373,157,Crown Plaza,Philadelphia,3,314.41,943.22,2024-11-23
1374,80,Holiday Inn,Seattle,14,266.33,3728.61,2023-01-04
1375,167,InterContinental,San Diego,3,407.34,1222.03,2024-09-05
1376,190,Royal Inn,Columbus,1,380.32,380.32,2024-04-24
1377,218,Best Western,Jacksonville,7,124.43,871.0,2023-01-29
1378,413,Holiday Inn,Charlotte,12,295.03,3540.41,2024-09-22
1379,427,Radisson,Dallas,14,144.94,2029.22,2023-07-27
1380,409,Radisson,Jacksonville,10,449.23,4492.28,2024-08-25
1381,371,InterContinental,Denver,7,185.55,1298.86,2024-05-17
1382,128,Marriott,Seattle,2,304.9,609.8,2024-05-11
1383,276,Ramada,Miami,14,175.21,2452.91,2024-04-03
1384,397,Ramada,San Jose,7,315.06,2205.4,2023-04-19
1385,126,Best Western,Phoenix,1,156.47,156.47,2023-10-21
1386,12,Marriott,Boston,1,362.97,362.97,2024-07-16
1387,240,Grand Hotel,Jacksonville,13,227.8,2961.36,2024-05-27
1388,310,Radisson,Jacksonville,1,151.28,151.28,2023-09-21
1389,426,Plaza Hotel,Philadelphia,14,203.13,2843.78,2023-05-19
1390,448,Crown Plaza,Boston,7,484.88,3394.19,2023-06-16
1391,290,InterContinental,Miami,2,244.1,488.19,2023-02-08
1392,294,Best Western,Houston,7,333.04,2331.25,2024-01-27
1393,334,Hilton,San Antonio,6,435.7,2614.23,2023-09-23
1394,456,InterContinental,San Antonio,11,278.31,3061.38,2024-02-03
1395,116,Royal Inn,Atlanta,8,366.54,2932.33,2024-01-01
1396,235,Plaza Hotel,Phoenix,7,340.29,2382.05,2023-05-02
1397,93,Westin,Atlanta,10,436.88,4368.76,2024-01-09
1398,168,Royal Inn,Miami,12,474.63,5695.6,2023-05-26
1399,120,Crown Plaza,San Diego,6,103.07,618.4,2023-04-29
1400,228,Hilton,New York,7,455.75,3190.27,2023-05-29
1401,303,Plaza Hotel,Columbus,2,81.85,163.71,2023-01-10
1402,84,Best Western,Chicago,4,232.87,931.48,2024-10-26
1403,108,Park Hyatt,Houston,13,188.37,2448.83,2023-06-10
1404,4,Royal Inn,Jacksonville,14,168.99,2365.86,2024-12-12
1405,223,Sheraton,Fort Worth,10,306.04,3060.41,2023-08-16
1406,9,Best Western,San Diego,3,201.19,603.58,2023-10-27
1407,80,Park Hyatt,Los Angeles,2,172.56,345.13,2023-01-11
1408,317,InterContinental,Los Angeles,2,390.21,780.42,2024-09-07
1409,93,Marriott,Charlotte,13,111.33,1447.28,2023-01-16
1410,466,Royal Inn,San Antonio,14,176.03,2464.36,2023-05-31
1411,377,Holiday Inn,Jacksonville,6,462.87,2777.21,2024-01-22
1412,87,Hilton,Charlotte,12,233.19,2798.23,2024-07-17
1413,496,InterContinental,New York,12,202.14,2425.64,2024-12-31
1414,1,Crown Plaza,Columbus,4,177.06,708.23,2024-09-21
1415,343,Royal Inn,Denver,6,177.72,1066.33,2024-07-17
1416,116,Crown Plaza,Denver,2,81.32,162.64,2023-01-18
1417,116,Ramada,Phoenix,2,449.8,899.59,2023-10-10
1418,453,Holiday Inn,Austin,8,256.66,2053.25,2023-06-09
1419,383,InterContinental,Jacksonville,9,424.51,3820.59,2024-08-22
1420,83,Marriott,Los Angeles,7,439.32,3075.24,2023-05-06
1421,446,Marriott,New York,8,183.65,1469.19,2023-12-12
1422,61,Comfort Suites,Fort Worth,12,401.27,4815.19,2023-04-24
1423,414,Ramada,Boston,9,403.58,3632.22,2024-04-04
1424,135,Comfort Suites,Miami,8,218.4,1747.17,2023-04-11
1425,500,Holiday Inn,Charlotte,4,328.76,1315.02,2024-07-30
1426,224,Park Hyatt,Phoenix,9,121.35,1092.19,2024-01-06
1427,100,Grand Hotel,Boston,3,238.08,714.24,2024-10-16
1428,441,Holiday Inn,New York,13,362.01,4706.1,2024-09-04
1429,86,Grand Hotel,Los Angeles,3,175.37,526.12,2024-01-28
1430,432,Hilton,Houston,3,204.17,612.5,2023-10-27
1431,152,InterContinental,Miami,13,390.02,5070.28,2024-01-14
1432,1,Holiday Inn,Columbus,5,257.6,1287.99,2024-04-18
1433,492,Holiday Inn,Miami,3,95.4,286.21,2023-03-08
1434,201,Grand Hotel,Charlotte,2,91.47,182.95,2023-07-28
1435,494,Marriott,Charlotte,14,290.02,4060.24,2023-05-06
1436,390,Holiday Inn,Columbus,7,418.31,2928.2,2024-10-29
1437,242,Holiday Inn,Phoenix,9,497.86,4480.75,2023-08-24
1438,451,Royal Inn,San Jose,11,383.52,4218.69,2023-08-10
1439,239,Best Western,Dallas,8,213.58,1708.65,2023-08-22
1440,46,Park Hyatt,Philadelphia,1,406.05,406.05,2024-03-28
1441,30,Best Western,Jacksonville,14,110.62,1548.63,2023-11-05
1442,215,Radisson,San Jose,14,216.21,3026.99,2024-04-15
1443,300,Sheraton,Fort Worth,3,241.0,722.99,2023-06-15
1444,250,Radisson,Atlanta,3,219.58,658.74,2024-02-08
1445,309,Ramada,Miami,9,249.19,2242.68,2023-06-01
1446,298,Crown Plaza,Houston,8,158.09,1264.75,2024-06-12
1447,294,Hilton,Columbus,5,498.75,2493.77,2024-04-04
1448,93,Holiday Inn,Los Angeles,7,185.28,1296.97,2023-01-11
1449,184,Plaza Hotel,Houston,11,454.79,5002.74,2024-11-30
1450,358,Crown Plaza,Fort Worth,3,280.86,842.58,2023-03-11
1451,400,Plaza Hotel,Philadelphia,14,376.69,5273.67,2023-12-13
1452,163,Holiday Inn,Denver,12,310.37,3724.39,2024-02-15
1453,328,Sheraton,Houston,7,370.48,2593.39,2024-01-02
1454,387,Hilton,San Antonio,3,171.51,514.54,2024-06-25
1455,359,Sheraton,Jacksonville,12,291.66,3499.91,2024-05-01
1456,102,Westin,San Jose,1,250.7,250.7,2024-11-18
1457,69,Ramada,Columbus,1,414.88,414.88,2024-06-13
1458,126,Radisson,Austin,9,497.33,4475.99,2024-08-28
1459,126,Marriott,San Jose,4,154.07,616.29,2024-12-11
1460,248,Park Hyatt,San Antonio,13,235.62,3063.02,2023-08-29
1461,205,Radisson,Columbus,1,225.68,225.68,2023-01-27
1462,221,InterContinental,Fort Worth,9,476.31,4286.77,2024-09-10
1463,165,Hilton,San Diego,3,279.19,837.57,2024-08-14
1464,363,Sheraton,Miami,12,115.2,1382.39,2023-12-02
1465,500,InterContinental,Austin,14,268.74,3762.31,2023-09-21
1466,224,Radisson,Seattle,1,211.99,211.99,2024-11-29
1467,245,Grand Hotel,New York,12,215.1,2581.21,2024-04-06
1468,130,Ramada,Chicago,12,278.95,3347.4,2024-09-01
1469,159,Marriott,Denver,8,289.92,2319.37,2023-12-14
1470,349,Sheraton,Jacksonville,5,146.69,733.45,2023-03-20
1471,397,Crown Plaza,New York,12,442.32,5307.78,2023-09-05
1472,308,Crown Plaza,Chicago,13,301.33,3917.25,2023-05-31
1473,485,Westin,San Antonio,3,280.28,840.84,2024-02-17
1474,94,Comfort Suites,Fort Worth,14,134.7,1885.8,2023-07-31
1475,134,Radisson,Fort Worth,1,376.59,376.59,2023-06-29
1476,132,InterContinental,Dallas,3,282.5,847.5,2023-04-19
1477,494,Radisson,Los Angeles,2,431.08,862.17,2024-01-15
1478,289,Holiday Inn,Los Angeles,8,258.89,2071.11,2023-05-04
1479,50,InterContinental,San Antonio,2,257.63,515.26,2023-02-28
1480,260,Marriott,Fort Worth,5,146.2,730.99,2024-07-10
1481,414,Hilton,New York,2,201.36,402.72,2024-07-19
1482,255,Marriott,Houston,10,312.45,3124.53,2023-02-03
1483,426,Sheraton,Phoenix,3,474.8,1424.4,2024-03-11
1484,492,Comfort Suites,Houston,1,167.08,167.08,2023-07-03
1485,416,Sheraton,San Antonio,1,457.37,457.37,2024-02-28
1486,289,Ramada,Houston,13,310.83,4040.78,2023-04-08
1487,230,Park Hyatt,Denver,5,157.44,787.21,2024-02-12
1488,13,Hilton,Austin,8,428.11,3424.85,2023-03-04
1489,395,Holiday Inn,Jacksonville,9,90.61,815.53,2023-03-15
1490,383,Ramada,Boston,8,451.09,3608.69,2023-01-20
1491,495,Hilton,Philadelphia,4,418.61,1674.46,2023-03-24
1492,379,Ramada,San Antonio,4,267.17,1068.69,2023-02-10
1493,51,Park Hyatt,Philadelphia,6,367.81,2206.83,2023-02-03
1494,293,Hilton,Dallas,10,163.28,1632.79,2023-07-09
1495,3,Ramada,New York,14,272.71,3817.97,2023-09-17
1496,80,Crown Plaza,Philadelphia,5,238.23,1191.14,2023-08-18
1497,364,Comfort Suites,San Diego,2,442.47,884.94,2024-03-27
1498,194,Hilton,San Antonio,10,197.03,1970.28,2024-03-30
1499,393,Best Western,Denver,4,464.67,1858.68,2023-01-06
1500,35,Westin,Dallas,4,482.32,1929.28,2023-02-03
